	IP	LOGIN DEVICE	DATE TIME LOGIN	NAME	COUNTRY	CITY	LAT	LON	BROWSER	DATE
0	5.116.36.50	Mozilla/5.0 (Linux; Android 11; SM-A515F) AppleWebKit/537.36 (KHTML, like Gecko) Chrome/94.0.4606.85 Mobile Safari/537.36	2021-11-10 21:10:03	میثم احمدی - تهران - فنی	Iran	Tehran	35.7662	51.4757	Safari/537.36	2021-11-10
1	79.127.81.166	Mozilla/5.0 (Linux; Android 9; SM-G611FF) AppleWebKit/537.36 (KHTML, like Gecko) Chrome/95.0.4638.74 Mobile Safari/537.36	2021-11-10 21:17:12	حمیدرضا اسماعیلی - تهران	Iran	Eyvān	33.8272	46.3097	Safari/537.36	2021-11-10
2	89.45.58.89	Mozilla/5.0 (Linux; Android 9; TA-1053) AppleWebKit/537.36 (KHTML, like Gecko) Chrome/85.0.4183.81 Mobile Safari/537.36	2021-11-10 21:18:02	هاشمی - تهران - به‌سوی نور	Iran	Tehran	35.7477	51.4021	Safari/537.36	2021-11-10
3	95.91.255.39	Mozilla/5.0 (Macintosh; Intel Mac OS X 10_15_7) AppleWebKit/605.1.15 (KHTML, like Gecko) Version/14.1.1 Safari/605.1.15	2021-11-10 21:19:46	احسان‌الدین عسگری - تهران	Germany	Munich	48.1663	11.5683	Safari/605.1.15	2021-11-10
4	2.191.102.192	Mozilla/5.0 (Linux; Android 9; SM-A305F) AppleWebKit/537.36 (KHTML, like Gecko) Chrome/95.0.4638.74 Mobile Safari/537.36	2021-11-10 21:37:52	ف میرمحمدی.تهران.عبادالنا	Iran	Tehran	35.6944	51.4215	Safari/537.36	2021-11-10
5	178.236.99.244	Mozilla/5.0 (Linux; Android 11; SM-A515F) AppleWebKit/537.36 (KHTML, like Gecko) Chrome/93.0.4577.82 Mobile Safari/537.36	2021-11-10 21:40:45	ع صابر _تهران _ نورالهدی	Iran	Tehran	35.6944	51.4215	Safari/537.36	2021-11-10
6	178.236.99.244	Mozilla/5.0 (Linux; Android 11; SM-A515F) AppleWebKit/537.36 (KHTML, like Gecko) Chrome/93.0.4577.82 Mobile Safari/537.36	2021-11-10 21:40:46	ع صابر _تهران _ نورالهدی	Iran	Tehran	35.6944	51.4215	Safari/537.36	2021-11-10
7	5.124.136.16	Mozilla/5.0 (Linux; Android 10; SAMSUNG SM-T295) AppleWebKit/537.36 (KHTML, like Gecko) SamsungBrowser/11.1 Chrome/75.0.3770.143 Mobile Safari/537.36	2021-11-10 21:41:34	mah.mahdavian	Iran	Tehran	35.7599	51.4739	Safari/537.36	2021-11-10
8	213.55.244.28	Mozilla/5.0 (iPhone; CPU iPhone OS 15_0_1 like Mac OS X) AppleWebKit/605.1.15 (KHTML, like Gecko) Version/15.0 Mobile/15E148 Safari/604.1	2021-11-10 21:41:39	h.semnanian(رضوان ١.تهران)	Switzerland	Geneva	46.1953	6.1385	Safari/604.1	2021-11-10
9	5.124.136.16	Mozilla/5.0 (Linux; Android 10; SAMSUNG SM-T295) AppleWebKit/537.36 (KHTML, like Gecko) SamsungBrowser/11.1 Chrome/75.0.3770.143 Mobile Safari/537.36	2021-11-10 21:43:05	mah.mahdavian	Iran	Tehran	35.7599	51.4739	Safari/537.36	2021-11-10
10	5.124.136.16	Mozilla/5.0 (Linux; Android 10; SAMSUNG SM-T295) AppleWebKit/537.36 (KHTML, like Gecko) SamsungBrowser/11.1 Chrome/75.0.3770.143 Mobile Safari/537.36	2021-11-10 21:44:33	mah.mahdavian	Iran	Tehran	35.7599	51.4739	Safari/537.36	2021-11-10
11	5.123.49.170	Mozilla/5.0 (Linux; Android 11; moto g(9) plus) AppleWebKit/537.36 (KHTML, like Gecko) Chrome/94.0.4606.85 Mobile Safari/537.36	2021-11-10 21:44:50	m.hoveidakashi(اصفهان)	Iran	Tehran	35.7599	51.4739	Safari/537.36	2021-11-10
12	151.240.49.169	Mozilla/5.0 (Linux; Android 10; M2010J19CG) AppleWebKit/537.36 (KHTML, like Gecko) Chrome/95.0.4638.74 Mobile Safari/537.36	2021-11-10 21:46:01	f.hoseini (نیشابور)	Iran	Neyshabur	36.2133	58.7957	Safari/537.36	2021-11-10
13	5.123.49.170	Mozilla/5.0 (Linux; Android 11; M2007J20CG) AppleWebKit/537.36 (KHTML, like Gecko) Chrome/95.0.4638.74 Mobile Safari/537.36	2021-11-10 21:47:39	m.khadivpour	Iran	Tehran	35.7599	51.4739	Safari/537.36	2021-11-10
14	5.124.114.26	Mozilla/5.0 (Linux; Android 10; SAMSUNG SM-T295) AppleWebKit/537.36 (KHTML, like Gecko) SamsungBrowser/11.1 Chrome/75.0.3770.143 Mobile Safari/537.36	2021-11-10 21:47:49	mah.mahdavian	Iran	Tehran	35.7599	51.4739	Safari/537.36	2021-11-10
15	5.112.128.107	Mozilla/5.0 (Linux; Android 11; SAMSUNG SM-A022F Build/RP1A.200720.012; wv) AppleWebKit/537.36 (KHTML, like Gecko) Version/4.0 SamsungBrowser/7.4 Chrome/95.0.4638.74 Mobile Safari/537.36	2021-11-10 21:52:32	s.zahmati	Iran	Tehran	35.7662	51.4757	Safari/537.36	2021-11-10
16	5.112.128.107	Mozilla/5.0 (Linux; Android 11; SAMSUNG SM-A022F Build/RP1A.200720.012; wv) AppleWebKit/537.36 (KHTML, like Gecko) Version/4.0 SamsungBrowser/7.4 Chrome/95.0.4638.74 Mobile Safari/537.36	2021-11-10 21:53:18	s.zahmati	Iran	Tehran	35.7662	51.4757	Safari/537.36	2021-11-10
17	69.194.106.167	Mozilla/5.0 (Linux; Android 9; SM-A207F) AppleWebKit/537.36 (KHTML, like Gecko) Chrome/87.0.4280.101 Mobile Safari/537.36	2021-11-10 22:01:23		Iran	Tehran	35.7574	51.4094	Safari/537.36	2021-11-10
18	89.199.195.161	Mozilla/5.0 (iPhone; CPU iPhone OS 14_1 like Mac OS X) AppleWebKit/605.1.15 (KHTML, like Gecko) Version/14.0 Mobile/15E148 Safari/604.1	2021-11-10 22:04:58	ع.مسرور.جلوه	Iran	Tehran	35.7477	51.4021	Safari/604.1	2021-11-10
19	151.242.111.170	Mozilla/5.0 (Linux; Android 9; SM-A530F) AppleWebKit/537.36 (KHTML, like Gecko) Chrome/95.0.4638.74 Mobile Safari/537.36	2021-11-10 22:07:53	خزاعی.تهران.انامنتظرون	Iran	Tehran	35.6944	51.4215	Safari/537.36	2021-11-10
20	2.190.201.116	Mozilla/5.0 (Android 11; Mobile; rv:94.0) Gecko/94.0 Firefox/94.0	2021-11-10 22:13:29	قربانی-حسینیه عشاق الحسین-تهران	Iran	Eslāmshahr	35.5522	51.235	Firefox/94.0	2021-11-10
21	2.191.145.255	Mozilla/5.0 (Linux; Android 9; SM-A730F) AppleWebKit/537.36 (KHTML, like Gecko) Chrome/94.0.4606.85 Mobile Safari/537.36	2021-11-10 22:18:11	زس.شهشهانی(تهران.جلوه)	Iran	Tehran	35.6944	51.4215	Safari/537.36	2021-11-10
22	5.124.46.166	Mozilla/5.0 (Windows NT 6.1) AppleWebKit/537.36 (KHTML, like Gecko) Chrome/95.0.4638.69 Safari/537.36	2021-11-10 22:19:12	صالحی ـ نجف آباد ـ مادر مهربونه	Iran	Tehran	35.7599	51.4739	Safari/537.36	2021-11-10
23	5.211.20.110	Mozilla/5.0 (Linux; U; Android 10; fa-ir; Redmi 8A Build/QKQ1.191014.001) AppleWebKit/537.36 (KHTML, like Gecko) Version/4.0 Chrome/89.0.4389.116 Mobile Safari/537.36 XiaoMi/MiuiBrowser/12.13.2-gn	2021-11-10 22:23:06	س.م.حقیقت زاده_لاهیحان	Iran	Tehran	35.727	51.3336	XiaoMi/MiuiBrowser/12.13.2-gn	2021-11-10
24	2.177.135.185	Mozilla/5.0 (iPhone; CPU iPhone OS 14_6 like Mac OS X) AppleWebKit/605.1.15 (KHTML, like Gecko) Version/14.1.1 Mobile/15E148 Safari/604.1	2021-11-10 22:23:29	t.kangarlou	Iran	Tajrīsh	35.8044	51.4256	Safari/604.1	2021-11-10
25	89.199.90.26	Mozilla/5.0 (Linux; Android 9; SM-J701F) AppleWebKit/537.36 (KHTML, like Gecko) Chrome/72.0.3626.121 Mobile Safari/537.36	2021-11-10 22:39:21	واقفی???? تهران???? کارگروه لغت	Iran	Tehran	35.7477	51.4021	Safari/537.36	2021-11-10
26	5.115.237.163	Mozilla/5.0 (Android 11; Mobile; rv:68.0) Gecko/68.0 Firefox/68.0	2021-11-10 22:39:31	بلخاری(ذالی)-تهران- صرف و نحو	Iran	Tehran	35.7662	51.4757	Firefox/68.0	2021-11-10
27	45.92.34.190	Mozilla/5.0 (Linux; Android 11; SAMSUNG SM-A307FN) AppleWebKit/537.36 (KHTML, like Gecko) SamsungBrowser/15.0 Chrome/90.0.4430.210 Mobile Safari/537.36	2021-11-10 22:46:59	m.f.saharkhiz	United Kingdom	London	51.5016	-0.0149	Safari/537.36	2021-11-10
28	31.2.250.1	Mozilla/5.0 (Linux; Android 9; SM-A307FN) AppleWebKit/537.36 (KHTML, like Gecko) Chrome/75.0.3770.28 Mobile Safari/537.36	2021-11-10 22:52:09	s.ghasemi	Iran	Tehran	35.6944	51.4215	Safari/537.36	2021-11-10
29	5.52.58.234	Mozilla/5.0 (Android 11; Mobile; rv:93.0) Gecko/93.0 Firefox/93.0	2021-11-10 23:01:01	س مختاریان _ تهران _ نورالهدی	Iran	Tehran	35.7555	51.5314	Firefox/93.0	2021-11-10
30	5.52.47.138	Mozilla/5.0 (Linux; Android 7.0; SAMSUNG SM-J710F) AppleWebKit/537.36 (KHTML, like Gecko) SamsungBrowser/12.1 Chrome/79.0.3945.136 Mobile Safari/537.36	2021-11-10 23:02:09	ر- خیاط زاده- تهران- عبادالنا	Iran	Tehran	35.7555	51.5314	Safari/537.36	2021-11-10
31	164.215.221.65	Mozilla/5.0 (Linux; Android 11; SM-A305F) AppleWebKit/537.36 (KHTML, like Gecko) Chrome/87.0.4280.141 Mobile Safari/537.36	2021-11-11 01:48:42	f.jafari	Iran	Tehran	35.7477	51.4021	Safari/537.36	2021-11-11
32	5.208.201.200	Mozilla/5.0 (Linux; U; Android 9; fa-ir; Redmi Note 8 Build/PKQ1.190616.001) AppleWebKit/537.36 (KHTML, like Gecko) Version/4.0 Chrome/71.0.3578.141 Mobile Safari/537.36 XiaoMi/MiuiBrowser/12.4.1-g	2021-11-11 04:18:16		Iran	Tehran	35.727	51.3336	XiaoMi/MiuiBrowser/12.4.1-g	2021-11-11
33	5.208.201.200	Mozilla/5.0 (Linux; U; Android 9; fa-ir; Redmi Note 8 Build/PKQ1.190616.001) AppleWebKit/537.36 (KHTML, like Gecko) Version/4.0 Chrome/71.0.3578.141 Mobile Safari/537.36 XiaoMi/MiuiBrowser/12.4.1-g	2021-11-11 04:18:17		Iran	Tehran	35.727	51.3336	XiaoMi/MiuiBrowser/12.4.1-g	2021-11-11
34	89.196.233.154	Mozilla/5.0 (Android 11; Mobile; rv:93.0) Gecko/93.0 Firefox/93.0	2021-11-11 04:19:28	س مختاریان _ تهران _ نورالهدی	Iran	Dīvāndarreh	35.9139	47.0239	Firefox/93.0	2021-11-11
35	2.182.77.55	Mozilla/5.0 (Linux; Android 9; SAMSUNG SM-J730F) AppleWebKit/537.36 (KHTML, like Gecko) SamsungBrowser/15.0 Chrome/90.0.4430.210 Mobile Safari/537.36	2021-11-11 04:27:18	مکتبی-تهران-اِنّامنتظرون	Iran	Damāvand	35.7184	52.0696	Safari/537.36	2021-11-11
36	5.124.9.98	Mozilla/5.0 (Linux; Android 10; SAMSUNG SM-T295) AppleWebKit/537.36 (KHTML, like Gecko) SamsungBrowser/11.1 Chrome/75.0.3770.143 Mobile Safari/537.36	2021-11-11 05:24:19	mah.mahdavian	Iran	Tehran	35.7662	51.4757	Safari/537.36	2021-11-11
37	5.124.9.98	Mozilla/5.0 (Linux; Android 10; SAMSUNG SM-T295) AppleWebKit/537.36 (KHTML, like Gecko) SamsungBrowser/11.1 Chrome/75.0.3770.143 Mobile Safari/537.36	2021-11-11 05:24:21	mah.mahdavian	Iran	Tehran	35.7662	51.4757	Safari/537.36	2021-11-11
38	95.64.111.251	Mozilla/5.0 (Linux; Android 11; SAMSUNG SM-M127F) AppleWebKit/537.36 (KHTML, like Gecko) SamsungBrowser/13.2 Chrome/83.0.4103.106 Mobile Safari/537.36	2021-11-11 06:20:02		Iran	Tehran	35.727	51.3336	Safari/537.36	2021-11-11
39	5.117.52.37	Mozilla/5.0 (Windows NT 10.0; WOW64) AppleWebKit/537.36 (KHTML, like Gecko) Chrome/95.0.4638.69 Safari/537.36	2021-11-11 06:44:47	میثم احمدی - تهران - فنی	Iran	Tehran	35.7599	51.4739	Safari/537.36	2021-11-11
40	95.64.51.150	Mozilla/5.0 (Linux; Android 6.0.1; LG-K500) AppleWebKit/537.36 (KHTML, like Gecko) Chrome/93.0.4577.62 Mobile Safari/537.36	2021-11-11 06:53:23	دهقان زاده- بافق	Iran	Tehran	35.727	51.3336	Safari/537.36	2021-11-11
41	5.123.228.217	Mozilla/5.0 (Linux; Android 11; SAMSUNG SM-A105F) AppleWebKit/537.36 (KHTML, like Gecko) SamsungBrowser/15.0 Chrome/90.0.4430.210 Mobile Safari/537.36	2021-11-11 06:56:09	m.mahan	Iran	Tehran	35.7599	51.4739	Safari/537.36	2021-11-11
42	5.121.197.121	Mozilla/5.0 (Linux; Android 11; SM-A307FN) AppleWebKit/537.36 (KHTML, like Gecko) Chrome/95.0.4638.50 Mobile Safari/537.36	2021-11-11 06:58:02	س م . روحی پور _ لاهیجان	Iran	Urmia	37.5527	45.076	Safari/537.36	2021-11-11
43	23.106.249.136	Mozilla/5.0 (Linux; Android 11; SM-A515F) AppleWebKit/537.36 (KHTML, like Gecko) Chrome/87.0.4280.101 Mobile Safari/537.36	2021-11-11 06:58:42		Singapore	Singapore	1.37603	103.871	Safari/537.36	2021-11-11
44	5.208.127.117	Mozilla/5.0 (Linux; Android 8.1.0; SM-A260G) AppleWebKit/537.36 (KHTML, like Gecko) Chrome/95.0.4638.50 Mobile Safari/537.36	2021-11-11 07:06:07		Iran	Tehran	35.727	51.3336	Safari/537.36	2021-11-11
45	2.147.254.167	Mozilla/5.0 (Linux; Android 8.0.0; SM-A720F) AppleWebKit/537.36 (KHTML, like Gecko) Chrome/91.0.4472.88 Mobile Safari/537.36	2021-11-11 07:07:27	ز سیدی -تهران- عبادالنا	Iran	Sari	36.5633	53.0601	Safari/537.36	2021-11-11
46	188.215.140.202	Mozilla/5.0 (Linux; Android 8.0.0; LG-H860) AppleWebKit/537.36 (KHTML, like Gecko) Chrome/93.0.4577.82 Mobile Safari/537.36	2021-11-11 07:18:09	n.rayegan	Iran	Yazd	31.8974	54.3765	Safari/537.36	2021-11-11
47	5.208.62.126	Mozilla/5.0 (Linux; Android 8.0.0; G3212) AppleWebKit/537.36 (KHTML, like Gecko) Chrome/95.0.4638.74 Mobile Safari/537.36	2021-11-11 07:24:30	فروزان- تهران- إنّا منتظروُن	Iran	Tehran	35.727	51.3336	Safari/537.36	2021-11-11
48	5.216.27.217	Mozilla/5.0 (Linux; Android 11; SAMSUNG SM-M127F) AppleWebKit/537.36 (KHTML, like Gecko) SamsungBrowser/13.2 Chrome/83.0.4103.106 Mobile Safari/537.36	2021-11-11 07:24:46		Iran	Marvdasht	29.8742	52.8025	Safari/537.36	2021-11-11
49	2.177.135.185	Mozilla/5.0 (iPhone; CPU iPhone OS 14_6 like Mac OS X) AppleWebKit/605.1.15 (KHTML, like Gecko) Version/14.1.1 Mobile/15E148 Safari/604.1	2021-11-11 07:28:06	t.kangarlou	Iran	Tajrīsh	35.8044	51.4256	Safari/604.1	2021-11-11
50	5.112.116.122	Mozilla/5.0 (Linux; Android 9; SM-G611FF) AppleWebKit/537.36 (KHTML, like Gecko) Chrome/95.0.4638.74 Mobile Safari/537.36	2021-11-11 07:28:39	حمیدرضا اسماعیلی - تهران	Iran	Tehran	35.7662	51.4757	Safari/537.36	2021-11-11
51	5.123.228.217	Mozilla/5.0 (Linux; Android 11; SAMSUNG SM-A105F) AppleWebKit/537.36 (KHTML, like Gecko) SamsungBrowser/15.0 Chrome/90.0.4430.210 Mobile Safari/537.36	2021-11-11 07:28:51	m.mahan	Iran	Tehran	35.7599	51.4739	Safari/537.36	2021-11-11
52	91.251.111.214	Mozilla/5.0 (Linux; Android 7.0; SAMSUNG SM-J710F) AppleWebKit/537.36 (KHTML, like Gecko) SamsungBrowser/12.1 Chrome/79.0.3945.136 Mobile Safari/537.36	2021-11-11 07:29:57	ر- خیاط زاده- تهران- عبادالنا	Iran	Tehran	35.7477	51.4021	Safari/537.36	2021-11-11
53	5.114.28.184	Mozilla/5.0 (Linux; Android 10; AQM-LX1) AppleWebKit/537.36 (KHTML, like Gecko) Chrome/70.0.3538.64 HuaweiBrowser/10.0.2.331 Mobile Safari/537.36	2021-11-11 07:29:58	ف. یاوری _تهران(کنیزان مادر مهربان س)	Iran	Tehran	35.7662	51.4757	Safari/537.36	2021-11-11
54	89.199.116.4	Mozilla/5.0 (Linux; Android 10; SM-A505F) AppleWebKit/537.36 (KHTML, like Gecko) Chrome/93.0.4577.82 Mobile Safari/537.36	2021-11-11 07:30:03		Iran	Tehran	35.7477	51.4021	Safari/537.36	2021-11-11
55	91.251.111.214	Mozilla/5.0 (Linux; Android 7.0; SAMSUNG SM-J710F) AppleWebKit/537.36 (KHTML, like Gecko) SamsungBrowser/12.1 Chrome/79.0.3945.136 Mobile Safari/537.36	2021-11-11 07:31:13	ر- خیاط زاده- تهران- عبادالنا	Iran	Tehran	35.7477	51.4021	Safari/537.36	2021-11-11
56	93.110.181.245	Mozilla/5.0 (Linux; Android 8.1.0; BKK-LX2) AppleWebKit/537.36 (KHTML, like Gecko) Chrome/95.0.4638.74 Mobile Safari/537.36	2021-11-11 07:31:49	استادی.بافق.مدرسه آقای رایگان	Iran	Tehran	35.7574	51.4094	Safari/537.36	2021-11-11
57	89.199.77.142	Mozilla/5.0 (Linux; Android 9; SM-J701F) AppleWebKit/537.36 (KHTML, like Gecko) Chrome/72.0.3626.121 Mobile Safari/537.36	2021-11-11 07:31:50	واقفی???? تهران???? کارگروه لغت	Iran	Tehran	35.7477	51.4021	Safari/537.36	2021-11-11
58	93.110.181.245	Mozilla/5.0 (Linux; Android 8.1.0; BKK-LX2) AppleWebKit/537.36 (KHTML, like Gecko) Chrome/95.0.4638.74 Mobile Safari/537.36	2021-11-11 07:31:52	استادی.بافق.مدرسه آقای رایگان	Iran	Tehran	35.7574	51.4094	Safari/537.36	2021-11-11
59	204.18.11.202	Mozilla/5.0 (Linux; Android 9; SM-A307FN) AppleWebKit/537.36 (KHTML, like Gecko) Chrome/75.0.3770.28 Mobile Safari/537.36	2021-11-11 07:31:55	s.ghasemi	United States	Ashburn	39.0438	-77.4874	Safari/537.36	2021-11-11
60	5.213.244.6	Mozilla/5.0 (Linux; Android 6.0.1; SM-G532G) AppleWebKit/537.36 (KHTML, like Gecko) Chrome/85.0.4183.127 Mobile Safari/537.36	2021-11-11 07:32:33		Iran	Tehran	35.727	51.3336	Safari/537.36	2021-11-11
61	5.214.101.247	Mozilla/5.0 (Linux; Android 5.1; HUAWEI LUA-L21) AppleWebKit/537.36 (KHTML, like Gecko) Chrome/86.0.4240.110 Mobile Safari/537.36	2021-11-11 07:32:34	m.olfat	Iran	Tehran	35.727	51.3336	Safari/537.36	2021-11-11
62	91.251.111.214	Mozilla/5.0 (Linux; Android 7.0; SAMSUNG SM-J710F) AppleWebKit/537.36 (KHTML, like Gecko) SamsungBrowser/12.1 Chrome/79.0.3945.136 Mobile Safari/537.36	2021-11-11 07:32:45	ر- خیاط زاده- تهران- عبادالنا	Iran	Tehran	35.7477	51.4021	Safari/537.36	2021-11-11
63	91.99.191.239	Mozilla/5.0 (iPhone; CPU iPhone OS 15_1 like Mac OS X) AppleWebKit/605.1.15 (KHTML, like Gecko) Version/15.1 Mobile/15E148 Safari/604.1	2021-11-11 07:33:16		Iran	Khorramshahr	30.4256	48.1891	Safari/604.1	2021-11-11
64	23.106.249.146	Mozilla/5.0 (Linux; Android 11; SM-A515F) AppleWebKit/537.36 (KHTML, like Gecko) Chrome/87.0.4280.101 Mobile Safari/537.36	2021-11-11 07:33:21		Singapore	Singapore	1.37603	103.871	Safari/537.36	2021-11-11
65	204.18.180.166	Mozilla/5.0 (Linux; Android 7.0; SAMSUNG SM-J730F) AppleWebKit/537.36 (KHTML, like Gecko) SamsungBrowser/14.2 Chrome/87.0.4280.141 Mobile Safari/537.36	2021-11-11 07:33:34		Iran	Tehran	35.7574	51.4094	Safari/537.36	2021-11-11
66	31.14.147.6	Mozilla/5.0 (Linux; Android 11; SM-A205F) AppleWebKit/537.36 (KHTML, like Gecko) Chrome/95.0.4638.74 Mobile Safari/537.36	2021-11-11 07:33:44		Iran	Mashhad	36.3006	59.5904	Safari/537.36	2021-11-11
67	89.199.77.142	Mozilla/5.0 (Linux; Android 9; SM-J701F) AppleWebKit/537.36 (KHTML, like Gecko) Chrome/72.0.3626.121 Mobile Safari/537.36	2021-11-11 07:34:20	واقفی???? تهران???? کارگروه لغت	Iran	Tehran	35.7477	51.4021	Safari/537.36	2021-11-11
68	31.14.145.38	Mozilla/5.0 (Linux; Android 10; SM-A022F) AppleWebKit/537.36 (KHTML, like Gecko) Chrome/95.0.4638.50 Mobile Safari/537.36	2021-11-11 07:34:23	احمدی _ مشهد	Iran	Mashhad	36.3006	59.5904	Safari/537.36	2021-11-11
69	5.116.72.47	Mozilla/5.0 (Android 11; Mobile; rv:68.0) Gecko/68.0 Firefox/68.0	2021-11-11 07:34:25	بلخاری(ذالی)-تهران- صرف و نحو	Iran	Tehran	35.7662	51.4757	Firefox/68.0	2021-11-11
70	93.110.181.245	Mozilla/5.0 (Linux; Android 8.1.0; BKK-LX2) AppleWebKit/537.36 (KHTML, like Gecko) Chrome/95.0.4638.74 Mobile Safari/537.36	2021-11-11 07:34:34	استادی.بافق.مدرسه آقای رایگان	Iran	Tehran	35.7574	51.4094	Safari/537.36	2021-11-11
71	79.127.80.52	Mozilla/5.0 (Linux; Android 11; Nokia 2.2) AppleWebKit/537.36 (KHTML, like Gecko) Chrome/95.0.4638.74 Mobile Safari/537.36	2021-11-11 07:34:43	s.sayadzade	Iran	Tehran	35.6892	51.389	Safari/537.36	2021-11-11
72	204.18.180.166	Mozilla/5.0 (Linux; Android 7.0; SAMSUNG SM-J730F) AppleWebKit/537.36 (KHTML, like Gecko) SamsungBrowser/14.2 Chrome/87.0.4280.141 Mobile Safari/537.36	2021-11-11 07:34:48		Iran	Tehran	35.7574	51.4094	Safari/537.36	2021-11-11
73	95.162.158.177	Mozilla/5.0 (Linux; Android 9; AMN-LX9) AppleWebKit/537.36 (KHTML, like Gecko) Chrome/93.0.4577.62 Mobile Safari/537.36	2021-11-11 07:34:51	"‌""گرجی-تهران-در محضر قرآن"""	Iran	Tehran	35.727	51.3336	Safari/537.36	2021-11-11
74	31.56.123.174	Mozilla/5.0 (Linux; Android 10; SAMSUNG SM-A505F) AppleWebKit/537.36 (KHTML, like Gecko) SamsungBrowser/13.2 Chrome/83.0.4103.106 Mobile Safari/537.36	2021-11-11 07:35:00		Iran	Damāvand	35.7184	52.0696	Safari/537.36	2021-11-11
75	2.176.68.196	Mozilla/5.0 (Linux; Android 9; SM-A305F) AppleWebKit/537.36 (KHTML, like Gecko) Chrome/95.0.4638.74 Mobile Safari/537.36	2021-11-11 07:35:05	ف میرمحمدی.تهران.عبادالنا	Iran	Tehran	35.6944	51.4215	Safari/537.36	2021-11-11
76	5.213.244.6	Mozilla/5.0 (Linux; Android 6.0.1; SM-G532G) AppleWebKit/537.36 (KHTML, like Gecko) Chrome/85.0.4183.127 Mobile Safari/537.36	2021-11-11 07:35:31		Iran	Tehran	35.727	51.3336	Safari/537.36	2021-11-11
77	5.116.72.47	Mozilla/5.0 (Android 11; Mobile; rv:68.0) Gecko/68.0 Firefox/68.0	2021-11-11 07:35:46	بلخاری(ذالی)-تهران- صرف و نحو	Iran	Tehran	35.7662	51.4757	Firefox/68.0	2021-11-11
78	5.115.175.68	Mozilla/5.0 (Linux; Android 10; Redmi Note 9S) AppleWebKit/537.36 (KHTML, like Gecko) Chrome/83.0.4103.101 Mobile Safari/537.36	2021-11-11 07:35:50	امیریوسفی.عباداً لنا.تهران	Iran	Tehran	35.7662	51.4757	Safari/537.36	2021-11-11
79	5.124.34.109	Mozilla/5.0 (Linux; Android 11; moto g(9) plus) AppleWebKit/537.36 (KHTML, like Gecko) Chrome/94.0.4606.85 Mobile Safari/537.36	2021-11-11 07:35:53	m.hoveidakashi(اصفهان)	Iran	Tehran	35.7599	51.4739	Safari/537.36	2021-11-11
80	31.14.145.38	Mozilla/5.0 (Linux; Android 10; SM-A022F) AppleWebKit/537.36 (KHTML, like Gecko) Chrome/95.0.4638.50 Mobile Safari/537.36	2021-11-11 07:36:04	احمدی _ مشهد	Iran	Mashhad	36.3006	59.5904	Safari/537.36	2021-11-11
81	5.213.244.6	Mozilla/5.0 (Linux; Android 6.0.1; SM-G532G) AppleWebKit/537.36 (KHTML, like Gecko) Chrome/85.0.4183.127 Mobile Safari/537.36	2021-11-11 07:36:52		Iran	Tehran	35.727	51.3336	Safari/537.36	2021-11-11
82	5.114.77.196	Mozilla/5.0 (Linux; Android 10; MAR-LX1M) AppleWebKit/537.36 (KHTML, like Gecko) Chrome/90.0.4430.210 Mobile Safari/537.36	2021-11-11 07:37:06		Iran	Tehran	35.7662	51.4757	Safari/537.36	2021-11-11
83	5.213.244.6	Mozilla/5.0 (Linux; Android 6.0.1; SM-G532G) AppleWebKit/537.36 (KHTML, like Gecko) Chrome/85.0.4183.127 Mobile Safari/537.36	2021-11-11 07:37:10		Iran	Tehran	35.727	51.3336	Safari/537.36	2021-11-11
84	5.213.244.6	Mozilla/5.0 (Linux; Android 6.0.1; SM-G532G) AppleWebKit/537.36 (KHTML, like Gecko) Chrome/85.0.4183.127 Mobile Safari/537.36	2021-11-11 07:37:17		Iran	Tehran	35.727	51.3336	Safari/537.36	2021-11-11
85	5.213.244.6	Mozilla/5.0 (Linux; Android 6.0.1; SM-G532G) AppleWebKit/537.36 (KHTML, like Gecko) Chrome/85.0.4183.127 Mobile Safari/537.36	2021-11-11 07:37:27		Iran	Tehran	35.727	51.3336	Safari/537.36	2021-11-11
86	89.199.77.142	Mozilla/5.0 (Linux; Android 9; SM-J701F) AppleWebKit/537.36 (KHTML, like Gecko) Chrome/72.0.3626.121 Mobile Safari/537.36	2021-11-11 07:37:30	واقفی???? تهران???? کارگروه لغت	Iran	Tehran	35.7477	51.4021	Safari/537.36	2021-11-11
87	89.199.77.142	Mozilla/5.0 (Linux; Android 9; SM-J701F) AppleWebKit/537.36 (KHTML, like Gecko) Chrome/72.0.3626.121 Mobile Safari/537.36	2021-11-11 07:37:34	واقفی???? تهران???? کارگروه لغت	Iran	Tehran	35.7477	51.4021	Safari/537.36	2021-11-11
88	2.147.254.167	Mozilla/5.0 (Linux; Android 8.0.0; SM-A720F) AppleWebKit/537.36 (KHTML, like Gecko) Chrome/91.0.4472.88 Mobile Safari/537.36	2021-11-11 07:37:39	ز سیدی -تهران- عبادالنا	Iran	Sari	36.5633	53.0601	Safari/537.36	2021-11-11
89	217.60.25.203	Mozilla/5.0 (Linux; Android 7.0; LG-M250) AppleWebKit/537.36 (KHTML, like Gecko) Chrome/94.0.4606.71 Mobile Safari/537.36	2021-11-11 07:37:50	r.rayegan	Iran	Tehran	35.7838	51.4361	Safari/537.36	2021-11-11
90	188.229.69.242	Mozilla/5.0 (Linux; Android 9; TA-1053) AppleWebKit/537.36 (KHTML, like Gecko) Chrome/85.0.4183.81 Mobile Safari/537.36	2021-11-11 07:37:54	هاشمی - تهران - به‌سوی نور	Iran	Tehran	35.727	51.3336	Safari/537.36	2021-11-11
91	5.124.34.109	Mozilla/5.0 (Linux; Android 11; moto g(9) plus) AppleWebKit/537.36 (KHTML, like Gecko) Chrome/94.0.4606.85 Mobile Safari/537.36	2021-11-11 07:38:03	m.hoveidakashi(اصفهان)	Iran	Tehran	35.7599	51.4739	Safari/537.36	2021-11-11
92	2.191.228.229	Mozilla/5.0 (Android 11; Mobile; rv:94.0) Gecko/94.0 Firefox/94.0	2021-11-11 07:38:08	قربانی-حسینیه عشاق الحسین-تهران	Iran	Tehran	35.7543	51.4205	Firefox/94.0	2021-11-11
93	5.114.106.229	Mozilla/5.0 (Linux; U; Android 9; en-us; MI 6X Build/PKQ1.180904.001) AppleWebKit/537.36 (KHTML, like Gecko) Version/4.0 Chrome/79.0.3945.147 Mobile Safari/537.36 XiaoMi/MiuiBrowser/15.1.12	2021-11-11 07:38:49	رستمی . تهران. انا منتظرون	Iran	Tehran	35.7662	51.4757	XiaoMi/MiuiBrowser/15.1.12	2021-11-11
94	151.242.73.134	Mozilla/5.0 (Linux; Android 11; SAMSUNG SM-A022F Build/RP1A.200720.012; wv) AppleWebKit/537.36 (KHTML, like Gecko) Version/4.0 SamsungBrowser/7.4 Chrome/95.0.4638.74 Mobile Safari/537.36	2021-11-11 07:38:49	s.zahmati	Iran	Tehran	35.6944	51.4215	Safari/537.36	2021-11-11
95	2.176.221.15	Mozilla/5.0 (Windows NT 6.1; Win64; x64) AppleWebKit/537.36 (KHTML, like Gecko) Chrome/95.0.4638.69 Safari/537.36	2021-11-11 07:38:54	m.hemati	Iran	Tehran	35.6944	51.4215	Safari/537.36	2021-11-11
96	2.191.228.229	Mozilla/5.0 (Android 11; Mobile; rv:94.0) Gecko/94.0 Firefox/94.0	2021-11-11 07:39:09	قربانی-حسینیه عشاق الحسین-تهران	Iran	Tehran	35.7543	51.4205	Firefox/94.0	2021-11-11
97	151.242.73.134	Mozilla/5.0 (Linux; Android 11; SAMSUNG SM-A022F Build/RP1A.200720.012; wv) AppleWebKit/537.36 (KHTML, like Gecko) Version/4.0 SamsungBrowser/7.4 Chrome/95.0.4638.74 Mobile Safari/537.36	2021-11-11 07:39:11	s.zahmati	Iran	Tehran	35.6944	51.4215	Safari/537.36	2021-11-11
98	5.213.244.6	Mozilla/5.0 (Linux; Android 6.0.1; SM-G532G) AppleWebKit/537.36 (KHTML, like Gecko) Chrome/85.0.4183.127 Mobile Safari/537.36	2021-11-11 07:39:28		Iran	Tehran	35.727	51.3336	Safari/537.36	2021-11-11
99	5.123.92.153	Mozilla/5.0 (Windows NT 6.1) AppleWebKit/537.36 (KHTML, like Gecko) Chrome/95.0.4638.69 Safari/537.36	2021-11-11 07:40:39	صالحی ـ نجف آباد ـ مادر مهربونه	Iran	Tehran	35.7599	51.4739	Safari/537.36	2021-11-11
100	2.147.56.144	Mozilla/5.0 (Linux; Android 10; SAMSUNG SM-A307FN) AppleWebKit/537.36 (KHTML, like Gecko) SamsungBrowser/14.0 Chrome/87.0.4280.141 Mobile Safari/537.36	2021-11-11 07:40:50	(( افسانه کمالی-مدرسه نوشهر))	Iran	Tehran	35.7599	51.4739	Safari/537.36	2021-11-11
101	2.177.135.185	Mozilla/5.0 (iPhone; CPU iPhone OS 14_6 like Mac OS X) AppleWebKit/605.1.15 (KHTML, like Gecko) Version/14.1.1 Mobile/15E148 Safari/604.1	2021-11-11 07:41:03	t.kangarlou	Iran	Tajrīsh	35.8044	51.4256	Safari/604.1	2021-11-11
102	91.251.111.214	Mozilla/5.0 (Linux; Android 7.0; SAMSUNG SM-J710F) AppleWebKit/537.36 (KHTML, like Gecko) SamsungBrowser/12.1 Chrome/79.0.3945.136 Mobile Safari/537.36	2021-11-11 07:41:23	ر- خیاط زاده- تهران- عبادالنا	Iran	Tehran	35.7477	51.4021	Safari/537.36	2021-11-11
103	80.210.244.193	Mozilla/5.0 (Windows NT 10.0; Win64; x64) AppleWebKit/537.36 (KHTML, like Gecko) Chrome/95.0.4638.69 Safari/537.36	2021-11-11 07:41:24	S.abyar	Iran	Tehran	35.6892	51.389	Safari/537.36	2021-11-11
104	86.55.139.232	Mozilla/5.0 (Linux; Android 10; SM-J810F) AppleWebKit/537.36 (KHTML, like Gecko) Chrome/94.0.4606.85 Mobile Safari/537.36	2021-11-11 07:41:24	م.بابازاده.تهران.درمحضرقرآن	Iran	Tehran	35.727	51.3811	Safari/537.36	2021-11-11
105	69.194.66.166	Mozilla/5.0 (Linux; Android 11; Redmi Note 8 Pro) AppleWebKit/537.36 (KHTML, like Gecko) Chrome/95.0.4638.74 Mobile Safari/537.36	2021-11-11 07:41:30	n.kazemi	Iran	Tehran	35.7574	51.4094	Safari/537.36	2021-11-11
106	5.115.179.131	Mozilla/5.0 (Linux; Android 11; SAMSUNG SM-T295) AppleWebKit/537.36 (KHTML, like Gecko) SamsungBrowser/14.2 Chrome/87.0.4280.141 Safari/537.36	2021-11-11 07:41:39		Iran	Tehran	35.7662	51.4757	Safari/537.36	2021-11-11
107	151.235.255.28	Mozilla/5.0 (Linux; Android 11; SM-A307FN) AppleWebKit/537.36 (KHTML, like Gecko) Chrome/95.0.4638.74 Mobile Safari/537.36	2021-11-11 07:42:22	m.f.saharkhiz	Iran	Eslāmshahr	35.5446	51.2302	Safari/537.36	2021-11-11
108	5.114.82.188	Mozilla/5.0 (Linux; Android 10; SAMSUNG SM-A125F) AppleWebKit/537.36 (KHTML, like Gecko) SamsungBrowser/11.0 Chrome/75.0.3770.143 Mobile Safari/537.36	2021-11-11 07:42:37		Iran	Tehran	35.7662	51.4757	Safari/537.36	2021-11-11
109	5.125.141.225	Mozilla/5.0 (Linux; Android 7.0; SM-J701F Build/NRD90M) AppleWebKit/537.36 (KHTML, like Gecko) Chrome/68.0.3440.91 Mobile Safari/537.36	2021-11-11 07:42:40	«درودی*نیشابور»	Iran	Tehran	35.7662	51.4757	Safari/537.36	2021-11-11
110	31.14.147.6	Mozilla/5.0 (Linux; Android 11; SM-A205F) AppleWebKit/537.36 (KHTML, like Gecko) Chrome/95.0.4638.74 Mobile Safari/537.36	2021-11-11 07:42:56	فیاضی-مشهد	Iran	Mashhad	36.3006	59.5904	Safari/537.36	2021-11-11
111	5.114.82.188	Mozilla/5.0 (Linux; Android 10; SAMSUNG SM-A125F) AppleWebKit/537.36 (KHTML, like Gecko) SamsungBrowser/11.0 Chrome/75.0.3770.143 Mobile Safari/537.36	2021-11-11 07:43:53		Iran	Tehran	35.7662	51.4757	Safari/537.36	2021-11-11
112	91.99.191.239	Mozilla/5.0 (Windows NT 10.0; Win64; x64) AppleWebKit/537.36 (KHTML, like Gecko) Chrome/94.0.4606.81 Safari/537.36	2021-11-11 07:43:59	هاشمی - تهران - به‌سوی نور	Iran	Khorramshahr	30.4256	48.1891	Safari/537.36	2021-11-11
113	2.191.228.229	Mozilla/5.0 (Android 11; Mobile; rv:94.0) Gecko/94.0 Firefox/94.0	2021-11-11 07:44:23	قربانی-حسینیه عشاق الحسین-تهران	Iran	Tehran	35.7543	51.4205	Firefox/94.0	2021-11-11
114	85.9.124.12	Mozilla/5.0 (Linux; Android 11; SM-A515F) AppleWebKit/537.36 (KHTML, like Gecko) Chrome/95.0.4638.74 Mobile Safari/537.36	2021-11-11 07:44:30	م . باخدا	Iran	Yazd	31.8974	54.3569	Safari/537.36	2021-11-11
115	85.239.209.74	Mozilla/5.0 (Linux; Android 10; SM-A515F) AppleWebKit/537.36 (KHTML, like Gecko) Chrome/80.0.3987.99 Mobile Safari/537.36	2021-11-11 07:44:32		Iran	Tehran	35.7555	51.5314	Safari/537.36	2021-11-11
116	94.101.252.39	Mozilla/5.0 (Linux; Android 10; SAMSUNG SM-A125F) AppleWebKit/537.36 (KHTML, like Gecko) SamsungBrowser/11.0 Chrome/75.0.3770.143 Mobile Safari/537.36	2021-11-11 07:44:42		Iran	Shahr-e Qods	35.7214	51.109	Safari/537.36	2021-11-11
117	217.60.67.246	Mozilla/5.0 (Linux; Android 8.0.0; SM-A520F) AppleWebKit/537.36 (KHTML, like Gecko) Chrome/87.0.4280.101 Mobile Safari/537.36	2021-11-11 07:44:56		Iran	Tehran	35.7838	51.4361	Safari/537.36	2021-11-11
118	5.217.236.55	Mozilla/5.0 (Android 11; Mobile; rv:94.0) Gecko/94.0 Firefox/94.0	2021-11-11 07:45:44	r.m.ebrahimi	Iran	Tehran	35.7477	51.4021	Firefox/94.0	2021-11-11
119	5.123.123.157	Mozilla/5.0 (Linux; Android 11; SAMSUNG SM-A015F) AppleWebKit/537.36 (KHTML, like Gecko) SamsungBrowser/15.0 Chrome/90.0.4430.210 Mobile Safari/537.36	2021-11-11 07:45:54	as.ahmadi	Iran	Tehran	35.7599	51.4739	Safari/537.36	2021-11-11
120	5.208.62.126	Mozilla/5.0 (Linux; Android 8.0.0; G3212) AppleWebKit/537.36 (KHTML, like Gecko) Chrome/95.0.4638.74 Mobile Safari/537.36	2021-11-11 07:45:59	فروزان- تهران- إنّا منتظروُن	Iran	Tehran	35.727	51.3336	Safari/537.36	2021-11-11
121	5.121.197.121	Mozilla/5.0 (Linux; Android 11; SM-A307FN) AppleWebKit/537.36 (KHTML, like Gecko) Chrome/95.0.4638.50 Mobile Safari/537.36	2021-11-11 07:46:24	س م . روحی پور _ لاهیجان	Iran	Urmia	37.5527	45.076	Safari/537.36	2021-11-11
122	151.235.255.28	Mozilla/5.0 (Linux; Android 11; SAMSUNG SM-A307FN) AppleWebKit/537.36 (KHTML, like Gecko) SamsungBrowser/15.0 Chrome/90.0.4430.210 Mobile Safari/537.36	2021-11-11 07:46:28	m.f.saharkhiz	Iran	Eslāmshahr	35.5446	51.2302	Safari/537.36	2021-11-11
123	91.99.191.239	Mozilla/5.0 (Macintosh; Intel Mac OS X 10_15_7) AppleWebKit/537.36 (KHTML, like Gecko) Chrome/95.0.4638.69 Safari/537.36	2021-11-11 07:46:56	احمدی۱-تهران-به سوی نور	Iran	Khorramshahr	30.4256	48.1891	Safari/537.36	2021-11-11
124	5.113.10.5	Mozilla/5.0 (Linux; Android 10; M2010J19CG) AppleWebKit/537.36 (KHTML, like Gecko) Chrome/95.0.4638.74 Mobile Safari/537.36	2021-11-11 07:47:13	m.azadi،تهران ، صالحین	Iran	Tehran	35.7662	51.4757	Safari/537.36	2021-11-11
125	5.117.52.37	Mozilla/5.0 (Windows NT 10.0; WOW64) AppleWebKit/537.36 (KHTML, like Gecko) Chrome/95.0.4638.69 Safari/537.36	2021-11-11 07:47:35	میثم احمدی - تهران - فنی	Iran	Tehran	35.7599	51.4739	Safari/537.36	2021-11-11
126	5.239.107.102	Mozilla/5.0 (Windows NT 10.0; Win64; x64) AppleWebKit/537.36 (KHTML, like Gecko) Chrome/95.0.4638.69 Safari/537.36	2021-11-11 07:47:56		Iran	Tehran	35.6892	51.389	Safari/537.36	2021-11-11
127	5.239.107.102	Mozilla/5.0 (Windows NT 10.0; Win64; x64) AppleWebKit/537.36 (KHTML, like Gecko) Chrome/95.0.4638.69 Safari/537.36	2021-11-11 07:47:57		Iran	Tehran	35.6892	51.389	Safari/537.36	2021-11-11
128	95.216.15.219	Mozilla/5.0 (Windows NT 10.0; Win64; x64) AppleWebKit/537.36 (KHTML, like Gecko) Chrome/95.0.4638.69 Safari/537.36	2021-11-11 07:48:39	کاظمی . اصفهان . محبت	Finland	Helsinki	60.1719	24.9347	Safari/537.36	2021-11-11
129	5.52.173.236	Mozilla/5.0 (iPhone; CPU iPhone OS 14_8 like Mac OS X) AppleWebKit/605.1.15 (KHTML, like Gecko) Version/14.1.2 Mobile/15E148 Safari/604.1	2021-11-11 07:49:23	«خجسته-تهران-صالحین»	Iran	Tehran	35.7555	51.5314	Safari/604.1	2021-11-11
130	2.191.228.229	Mozilla/5.0 (Android 11; Mobile; rv:94.0) Gecko/94.0 Firefox/94.0	2021-11-11 07:49:46	قربانی-حسینیه عشاق الحسین-تهران	Iran	Tehran	35.7543	51.4205	Firefox/94.0	2021-11-11
131	89.199.235.67	Mozilla/5.0 (Linux; Android 11; SM-A115F) AppleWebKit/537.36 (KHTML, like Gecko) Chrome/92.0.4515.131 Mobile Safari/537.36	2021-11-11 07:50:05	اعظم اسماعیل آبادی _تهران_(کنیزان مادر مهربان س )	Iran	Tehran	35.7477	51.4021	Safari/537.36	2021-11-11
132	89.199.235.67	Mozilla/5.0 (Linux; Android 11; SM-A115F) AppleWebKit/537.36 (KHTML, like Gecko) Chrome/92.0.4515.131 Mobile Safari/537.36	2021-11-11 07:50:07	اعظم اسماعیل آبادی _تهران_(کنیزان مادر مهربان س )	Iran	Tehran	35.7477	51.4021	Safari/537.36	2021-11-11
133	151.235.255.28	Mozilla/5.0 (Linux; Android 11; SAMSUNG SM-A307FN) AppleWebKit/537.36 (KHTML, like Gecko) SamsungBrowser/15.0 Chrome/90.0.4430.210 Mobile Safari/537.36	2021-11-11 07:50:16	m.f.saharkhiz	Iran	Eslāmshahr	35.5446	51.2302	Safari/537.36	2021-11-11
134	89.199.62.197	Mozilla/5.0 (iPhone; CPU iPhone OS 14_4_2 like Mac OS X) AppleWebKit/605.1.15 (KHTML, like Gecko) Version/14.0.3 Mobile/15E148 Safari/604.1	2021-11-11 07:51:18		Iran	Tehran	35.7477	51.4021	Safari/604.1	2021-11-11
135	94.101.252.39	Mozilla/5.0 (Linux; Android 10; SAMSUNG SM-A125F) AppleWebKit/537.36 (KHTML, like Gecko) SamsungBrowser/11.0 Chrome/75.0.3770.143 Mobile Safari/537.36	2021-11-11 07:54:29		Iran	Shahr-e Qods	35.7214	51.109	Safari/537.36	2021-11-11
136	5.213.244.6	Mozilla/5.0 (Linux; Android 6.0.1; SM-G532G) AppleWebKit/537.36 (KHTML, like Gecko) Chrome/85.0.4183.127 Mobile Safari/537.36	2021-11-11 07:55:06		Iran	Tehran	35.727	51.3336	Safari/537.36	2021-11-11
137	2.191.228.229	Mozilla/5.0 (Android 11; Mobile; rv:94.0) Gecko/94.0 Firefox/94.0	2021-11-11 07:55:14	قربانی-حسینیه عشاق الحسین-تهران	Iran	Tehran	35.7543	51.4205	Firefox/94.0	2021-11-11
138	2.147.56.144	Mozilla/5.0 (Linux; Android 10; SAMSUNG SM-A307FN) AppleWebKit/537.36 (KHTML, like Gecko) SamsungBrowser/14.0 Chrome/87.0.4280.141 Mobile Safari/537.36	2021-11-11 07:55:27	(( افسانه کمالی-مدرسه نوشهر))	Iran	Tehran	35.7599	51.4739	Safari/537.36	2021-11-11
139	2.147.56.144	Mozilla/5.0 (Linux; Android 10; SAMSUNG SM-A307FN) AppleWebKit/537.36 (KHTML, like Gecko) SamsungBrowser/14.0 Chrome/87.0.4280.141 Mobile Safari/537.36	2021-11-11 07:55:29	(( افسانه کمالی-مدرسه نوشهر))	Iran	Tehran	35.7599	51.4739	Safari/537.36	2021-11-11
140	2.147.56.144	Mozilla/5.0 (Linux; Android 10; SAMSUNG SM-A307FN) AppleWebKit/537.36 (KHTML, like Gecko) SamsungBrowser/14.0 Chrome/87.0.4280.141 Mobile Safari/537.36	2021-11-11 07:55:30	(( افسانه کمالی-مدرسه نوشهر))	Iran	Tehran	35.7599	51.4739	Safari/537.36	2021-11-11
141	151.235.255.28	Mozilla/5.0 (Linux; Android 11; SAMSUNG SM-A307FN) AppleWebKit/537.36 (KHTML, like Gecko) SamsungBrowser/15.0 Chrome/90.0.4430.210 Mobile Safari/537.36	2021-11-11 07:55:40	m.f.saharkhiz	Iran	Eslāmshahr	35.5446	51.2302	Safari/537.36	2021-11-11
142	85.239.209.74	Mozilla/5.0 (Linux; Android 10; SM-A515F) AppleWebKit/537.36 (KHTML, like Gecko) Chrome/80.0.3987.99 Mobile Safari/537.36	2021-11-11 07:56:01		Iran	Tehran	35.7555	51.5314	Safari/537.36	2021-11-11
143	2.147.236.245	Mozilla/5.0 (X11; Linux x86_64) AppleWebKit/537.36 (KHTML, like Gecko) SamsungBrowser/13.2 Chrome/83.0.4103.106 Safari/537.36	2021-11-11 07:56:02	s.a.isaie	Iran	Sari	36.5633	53.0601	Safari/537.36	2021-11-11
144	85.239.209.74	Mozilla/5.0 (Linux; Android 10; SM-A515F) AppleWebKit/537.36 (KHTML, like Gecko) Chrome/80.0.3987.99 Mobile Safari/537.36	2021-11-11 07:56:03		Iran	Tehran	35.7555	51.5314	Safari/537.36	2021-11-11
145	217.219.19.58	Mozilla/5.0 (Linux; Android 11; SM-A505F) AppleWebKit/537.36 (KHTML, like Gecko) Chrome/95.0.4638.74 Mobile Safari/537.36	2021-11-11 07:58:06		Iran	Rehnān	32.6833	51.6016	Safari/537.36	2021-11-11
146	5.213.244.6	Mozilla/5.0 (Linux; Android 6.0.1; SM-G532G) AppleWebKit/537.36 (KHTML, like Gecko) Chrome/85.0.4183.127 Mobile Safari/537.36	2021-11-11 07:58:48		Iran	Tehran	35.727	51.3336	Safari/537.36	2021-11-11
147	5.125.141.225	Mozilla/5.0 (Linux; Android 7.0; SM-J701F Build/NRD90M) AppleWebKit/537.36 (KHTML, like Gecko) Chrome/68.0.3440.91 Mobile Safari/537.36	2021-11-11 07:58:55	«درودی*نیشابور»	Iran	Tehran	35.7662	51.4757	Safari/537.36	2021-11-11
148	2.191.228.229	Mozilla/5.0 (Android 11; Mobile; rv:94.0) Gecko/94.0 Firefox/94.0	2021-11-11 07:59:11	قربانی-حسینیه عشاق الحسین-تهران	Iran	Tehran	35.7543	51.4205	Firefox/94.0	2021-11-11
149	89.36.17.114	Mozilla/5.0 (Linux; Android 11; SM-A107F) AppleWebKit/537.36 (KHTML, like Gecko) Chrome/95.0.4638.74 Mobile Safari/537.36	2021-11-11 08:00:01	م. فقیهی- تهران- جلوه	Iran	Robāţ Karīm	35.4846	51.0829	Safari/537.36	2021-11-11
150	213.55.244.28	Mozilla/5.0 (iPhone; CPU iPhone OS 15_0_1 like Mac OS X) AppleWebKit/605.1.15 (KHTML, like Gecko) Version/15.0 Mobile/15E148 Safari/604.1	2021-11-11 08:00:52	h.semnanian(رضوان ١.تهران)	Switzerland	Geneva	46.1953	6.1385	Safari/604.1	2021-11-11
151	185.83.90.97	Mozilla/5.0 (Linux; Android 11; SM-A515F) AppleWebKit/537.36 (KHTML, like Gecko) Chrome/95.0.4638.74 Mobile Safari/537.36	2021-11-11 08:01:58	ا. انتظاری_تهران_عبادالنا	Iran	Asadābād	34.7824	48.1201	Safari/537.36	2021-11-11
152	93.119.62.125	Mozilla/5.0 (Linux; Android 11; SAMSUNG SM-A515F) AppleWebKit/537.36 (KHTML, like Gecko) SamsungBrowser/15.0 Chrome/90.0.4430.210 Mobile Safari/537.36	2021-11-11 08:02:42	گوهری	Iran	Tehran	35.727	51.3336	Safari/537.36	2021-11-11
153	85.185.60.252	Mozilla/5.0 (Linux; Android 11; SM-A515F) AppleWebKit/537.36 (KHTML, like Gecko) Chrome/95.0.4638.74 Mobile Safari/537.36	2021-11-11 08:04:30	زینب فلاح_تهران(کنیزان مادر مهربان س)	Iran	Varāmīn	35.3242	51.6457	Safari/537.36	2021-11-11
154	2.191.228.229	Mozilla/5.0 (Android 11; Mobile; rv:94.0) Gecko/94.0 Firefox/94.0	2021-11-11 08:04:59	قربانی-حسینیه عشاق الحسین-تهران	Iran	Tehran	35.7543	51.4205	Firefox/94.0	2021-11-11
155	5.122.241.162	Mozilla/5.0 (Linux; Android 9; Redmi Note 7) AppleWebKit/537.36 (KHTML, like Gecko) Chrome/74.0.3729.136 Mobile Safari/537.36	2021-11-11 08:05:02	t.jafari.Lahijan	Iran	Tehran	35.7599	51.4739	Safari/537.36	2021-11-11
156	5.112.116.122	Mozilla/5.0 (Linux; Android 9; SM-G611FF) AppleWebKit/537.36 (KHTML, like Gecko) Chrome/95.0.4638.74 Mobile Safari/537.36	2021-11-11 08:05:29	حمیدرضا اسماعیلی - تهران	Iran	Tehran	35.7662	51.4757	Safari/537.36	2021-11-11
157	2.147.56.144	Mozilla/5.0 (Linux; Android 10; SAMSUNG SM-A307FN) AppleWebKit/537.36 (KHTML, like Gecko) SamsungBrowser/14.0 Chrome/87.0.4280.141 Mobile Safari/537.36	2021-11-11 08:05:54	(( افسانه کمالی-مدرسه نوشهر))	Iran	Tehran	35.7599	51.4739	Safari/537.36	2021-11-11
158	5.116.99.235	Mozilla/5.0 (Android 11; Mobile; rv:94.0) Gecko/94.0 Firefox/94.0	2021-11-11 08:06:31	قربانی-حسینیه عشاق الحسین-تهران	Iran	Tehran	35.7662	51.4757	Firefox/94.0	2021-11-11
159	151.242.111.170	Mozilla/5.0 (Linux; Android 9; SM-A530F) AppleWebKit/537.36 (KHTML, like Gecko) Chrome/95.0.4638.74 Mobile Safari/537.36	2021-11-11 08:07:19	خزاعی.تهران.انامنتظرون	Iran	Tehran	35.6944	51.4215	Safari/537.36	2021-11-11
160	151.242.111.170	Mozilla/5.0 (Linux; Android 9; SM-A530F) AppleWebKit/537.36 (KHTML, like Gecko) Chrome/95.0.4638.74 Mobile Safari/537.36	2021-11-11 08:07:21	خزاعی.تهران.انامنتظرون	Iran	Tehran	35.6944	51.4215	Safari/537.36	2021-11-11
161	89.196.127.106	Mozilla/5.0 (Linux; Android 11; SAMSUNG SM-A207F) AppleWebKit/537.36 (KHTML, like Gecko) SamsungBrowser/15.0 Chrome/90.0.4430.210 Mobile Safari/537.36	2021-11-11 08:09:37		Iran	Tehran	35.7477	51.4021	Safari/537.36	2021-11-11
162	151.242.111.170	Mozilla/5.0 (Linux; Android 9; SM-A530F) AppleWebKit/537.36 (KHTML, like Gecko) Chrome/95.0.4638.74 Mobile Safari/537.36	2021-11-11 08:10:01	خزاعی.تهران.انامنتظرون	Iran	Tehran	35.6944	51.4215	Safari/537.36	2021-11-11
163	151.242.111.170	Mozilla/5.0 (Linux; Android 9; SM-A530F) AppleWebKit/537.36 (KHTML, like Gecko) Chrome/95.0.4638.74 Mobile Safari/537.36	2021-11-11 08:10:02	خزاعی.تهران.انامنتظرون	Iran	Tehran	35.6944	51.4215	Safari/537.36	2021-11-11
164	151.242.111.170	Mozilla/5.0 (Linux; Android 9; SM-A530F) AppleWebKit/537.36 (KHTML, like Gecko) Chrome/95.0.4638.74 Mobile Safari/537.36	2021-11-11 08:10:03	خزاعی.تهران.انامنتظرون	Iran	Tehran	35.6944	51.4215	Safari/537.36	2021-11-11
165	85.239.209.74	Mozilla/5.0 (Linux; Android 10; SM-A515F) AppleWebKit/537.36 (KHTML, like Gecko) Chrome/80.0.3987.99 Mobile Safari/537.36	2021-11-11 08:10:37		Iran	Tehran	35.7555	51.5314	Safari/537.36	2021-11-11
166	46.100.8.163	Mozilla/5.0 (Linux; Android 9; SM-A305F) AppleWebKit/537.36 (KHTML, like Gecko) Chrome/95.0.4638.74 Mobile Safari/537.36	2021-11-11 08:10:48		Iran	Tajrīsh	35.8044	51.4256	Safari/537.36	2021-11-11
167	5.213.244.6	Mozilla/5.0 (Linux; Android 6.0.1; SM-G532G) AppleWebKit/537.36 (KHTML, like Gecko) Chrome/85.0.4183.127 Mobile Safari/537.36	2021-11-11 08:10:49		Iran	Tehran	35.727	51.3336	Safari/537.36	2021-11-11
168	5.122.241.162	Mozilla/5.0 (Linux; Android 9; Redmi Note 7) AppleWebKit/537.36 (KHTML, like Gecko) Chrome/95.0.4638.74 Mobile Safari/537.36	2021-11-11 08:10:56	t.jafari.Lahijan	Iran	Tehran	35.7599	51.4739	Safari/537.36	2021-11-11
169	5.122.241.162	Mozilla/5.0 (Linux; Android 9; Redmi Note 7) AppleWebKit/537.36 (KHTML, like Gecko) Chrome/95.0.4638.74 Mobile Safari/537.36	2021-11-11 08:10:57	t.jafari.Lahijan	Iran	Tehran	35.7599	51.4739	Safari/537.36	2021-11-11
170	5.125.141.225	Mozilla/5.0 (Linux; Android 7.0; SM-J701F Build/NRD90M) AppleWebKit/537.36 (KHTML, like Gecko) Chrome/68.0.3440.91 Mobile Safari/537.36	2021-11-11 08:11:15	«درودی*نیشابور»	Iran	Tehran	35.7662	51.4757	Safari/537.36	2021-11-11
171	5.116.99.235	Mozilla/5.0 (Android 11; Mobile; rv:94.0) Gecko/94.0 Firefox/94.0	2021-11-11 08:12:50	قربانی-حسینیه عشاق الحسین-تهران	Iran	Tehran	35.7662	51.4757	Firefox/94.0	2021-11-11
172	5.213.244.6	Mozilla/5.0 (Linux; Android 6.0.1; SM-G532G) AppleWebKit/537.36 (KHTML, like Gecko) Chrome/85.0.4183.127 Mobile Safari/537.36	2021-11-11 08:15:23		Iran	Tehran	35.727	51.3336	Safari/537.36	2021-11-11
173	89.199.210.11	Mozilla/5.0 (iPhone; CPU iPhone OS 14_1 like Mac OS X) AppleWebKit/605.1.15 (KHTML, like Gecko) Version/14.0 Mobile/15E148 Safari/604.1	2021-11-11 08:15:29	ع.مسرور.جلوه	Iran	Tehran	35.7477	51.4021	Safari/604.1	2021-11-11
174	5.116.99.235	Mozilla/5.0 (Android 11; Mobile; rv:94.0) Gecko/94.0 Firefox/94.0	2021-11-11 08:15:33	قربانی-حسینیه عشاق الحسین-تهران	Iran	Tehran	35.7662	51.4757	Firefox/94.0	2021-11-11
175	89.196.127.106	Mozilla/5.0 (Linux; Android 11; SAMSUNG SM-A207F) AppleWebKit/537.36 (KHTML, like Gecko) SamsungBrowser/15.0 Chrome/90.0.4430.210 Mobile Safari/537.36	2021-11-11 08:15:34		Iran	Tehran	35.7477	51.4021	Safari/537.36	2021-11-11
176	5.116.99.235	Mozilla/5.0 (Android 11; Mobile; rv:94.0) Gecko/94.0 Firefox/94.0	2021-11-11 08:16:04	قربانی-حسینیه عشاق الحسین-تهران	Iran	Tehran	35.7662	51.4757	Firefox/94.0	2021-11-11
177	5.125.141.225	Mozilla/5.0 (Linux; Android 7.0; SM-J701F Build/NRD90M) AppleWebKit/537.36 (KHTML, like Gecko) Chrome/68.0.3440.91 Mobile Safari/537.36	2021-11-11 08:16:21	«درودی*نیشابور»	Iran	Tehran	35.7662	51.4757	Safari/537.36	2021-11-11
178	89.199.210.11	Mozilla/5.0 (iPhone; CPU iPhone OS 14_1 like Mac OS X) AppleWebKit/605.1.15 (KHTML, like Gecko) Version/14.0 Mobile/15E148 Safari/604.1	2021-11-11 08:16:23	ع.مسرور.جلوه	Iran	Tehran	35.7477	51.4021	Safari/604.1	2021-11-11
179	5.117.46.190	Mozilla/5.0 (Linux; Android 11; SM-A405FN) AppleWebKit/537.36 (KHTML, like Gecko) Chrome/91.0.4472.101 Mobile Safari/537.36	2021-11-11 08:16:29	طاهرخانی _ قزوین _کاروان نور	Iran	Ābyek	36.0399	50.531	Safari/537.36	2021-11-11
180	31.14.145.38	Mozilla/5.0 (Linux; Android 10; SM-A022F) AppleWebKit/537.36 (KHTML, like Gecko) Chrome/95.0.4638.50 Mobile Safari/537.36	2021-11-11 08:17:13	احمدی _ مشهد	Iran	Mashhad	36.3006	59.5904	Safari/537.36	2021-11-11
181	213.55.244.28	Mozilla/5.0 (iPhone; CPU iPhone OS 15_0_1 like Mac OS X) AppleWebKit/605.1.15 (KHTML, like Gecko) Version/15.0 Mobile/15E148 Safari/604.1	2021-11-11 08:17:17	h.semnanian(رضوان ١.تهران)	Switzerland	Geneva	46.1953	6.1385	Safari/604.1	2021-11-11
182	5.116.99.235	Mozilla/5.0 (Android 11; Mobile; rv:94.0) Gecko/94.0 Firefox/94.0	2021-11-11 08:20:13	قربانی-حسینیه عشاق الحسین-تهران	Iran	Tehran	35.7662	51.4757	Firefox/94.0	2021-11-11
183	2.190.224.75	Mozilla/5.0 (Windows NT 10.0; Win64; x64) AppleWebKit/537.36 (KHTML, like Gecko) Chrome/95.0.4638.69 Safari/537.36	2021-11-11 08:20:53	y.mehraban	Iran	Tehran	35.7543	51.4205	Safari/537.36	2021-11-11
184	5.125.141.225	Mozilla/5.0 (Linux; Android 7.0; SM-J701F Build/NRD90M) AppleWebKit/537.36 (KHTML, like Gecko) Chrome/68.0.3440.91 Mobile Safari/537.36	2021-11-11 08:24:34	«درودی*نیشابور»	Iran	Tehran	35.7662	51.4757	Safari/537.36	2021-11-11
185	5.116.99.235	Mozilla/5.0 (Android 11; Mobile; rv:94.0) Gecko/94.0 Firefox/94.0	2021-11-11 08:24:34	قربانی-حسینیه عشاق الحسین-تهران	Iran	Tehran	35.7662	51.4757	Firefox/94.0	2021-11-11
186	5.213.244.6	Mozilla/5.0 (Linux; Android 6.0.1; SM-G532G) AppleWebKit/537.36 (KHTML, like Gecko) Chrome/85.0.4183.127 Mobile Safari/537.36	2021-11-11 08:24:36		Iran	Tehran	35.727	51.3336	Safari/537.36	2021-11-11
187	91.251.111.214	Mozilla/5.0 (Linux; Android 7.0; SAMSUNG SM-J710F) AppleWebKit/537.36 (KHTML, like Gecko) SamsungBrowser/12.1 Chrome/79.0.3945.136 Mobile Safari/537.36	2021-11-11 08:24:47	ر- خیاط زاده- تهران- عبادالنا	Iran	Tehran	35.7477	51.4021	Safari/537.36	2021-11-11
188	5.123.123.157	Mozilla/5.0 (Linux; Android 11; SAMSUNG SM-A015F) AppleWebKit/537.36 (KHTML, like Gecko) SamsungBrowser/15.0 Chrome/90.0.4430.210 Mobile Safari/537.36	2021-11-11 08:25:23	as.ahmadi	Iran	Tehran	35.7599	51.4739	Safari/537.36	2021-11-11
189	37.255.91.106	Mozilla/5.0 (Linux; Android 9; SM-J330F) AppleWebKit/537.36 (KHTML, like Gecko) Chrome/91.0.4472.164 Mobile Safari/537.36	2021-11-11 08:26:35	a.salehi	Iran	Isfahan	32.6575	51.6775	Safari/537.36	2021-11-11
190	5.208.201.200	Mozilla/5.0 (Linux; Android 9; Redmi Note 8) AppleWebKit/537.36 (KHTML, like Gecko) Chrome/80.0.3987.99 Mobile Safari/537.36	2021-11-11 08:30:27		Iran	Tehran	35.727	51.3336	Safari/537.36	2021-11-11
191	5.208.201.200	Mozilla/5.0 (Linux; Android 9; Redmi Note 8) AppleWebKit/537.36 (KHTML, like Gecko) Chrome/80.0.3987.99 Mobile Safari/537.36	2021-11-11 08:30:28		Iran	Tehran	35.727	51.3336	Safari/537.36	2021-11-11
192	204.18.180.166	Mozilla/5.0 (Linux; Android 7.0; SAMSUNG SM-J730F) AppleWebKit/537.36 (KHTML, like Gecko) SamsungBrowser/14.2 Chrome/87.0.4280.141 Mobile Safari/537.36	2021-11-11 08:30:33		Iran	Tehran	35.7574	51.4094	Safari/537.36	2021-11-11
193	89.199.153.145	Mozilla/5.0 (iPhone; CPU iPhone OS 14_4_2 like Mac OS X) AppleWebKit/605.1.15 (KHTML, like Gecko) Version/14.0.3 Mobile/15E148 Safari/604.1	2021-11-11 08:30:48		Iran	Tehran	35.6944	51.4215	Safari/604.1	2021-11-11
194	31.56.123.174	Mozilla/5.0 (Linux; Android 10; SAMSUNG SM-A505F) AppleWebKit/537.36 (KHTML, like Gecko) SamsungBrowser/13.2 Chrome/83.0.4103.106 Mobile Safari/537.36	2021-11-11 08:33:56		Iran	Damāvand	35.7184	52.0696	Safari/537.36	2021-11-11
195	5.116.99.235	Mozilla/5.0 (Android 11; Mobile; rv:94.0) Gecko/94.0 Firefox/94.0	2021-11-11 08:34:09	قربانی-حسینیه عشاق الحسین-تهران	Iran	Tehran	35.7662	51.4757	Firefox/94.0	2021-11-11
196	5.117.52.37	Mozilla/5.0 (Windows NT 10.0; WOW64) AppleWebKit/537.36 (KHTML, like Gecko) Chrome/95.0.4638.69 Safari/537.36	2021-11-11 08:34:35	میثم احمدی - تهران - فنی	Iran	Tehran	35.7599	51.4739	Safari/537.36	2021-11-11
197	5.116.99.235	Mozilla/5.0 (Android 11; Mobile; rv:94.0) Gecko/94.0 Firefox/94.0	2021-11-11 08:34:41	قربانی-حسینیه عشاق الحسین-تهران	Iran	Tehran	35.7662	51.4757	Firefox/94.0	2021-11-11
198	5.125.141.225	Mozilla/5.0 (Linux; Android 7.0; SM-J701F Build/NRD90M) AppleWebKit/537.36 (KHTML, like Gecko) Chrome/68.0.3440.91 Mobile Safari/537.36	2021-11-11 08:34:51	«درودی*نیشابور»	Iran	Tehran	35.7662	51.4757	Safari/537.36	2021-11-11
199	91.251.111.214	Mozilla/5.0 (Linux; Android 7.0; SAMSUNG SM-J710F) AppleWebKit/537.36 (KHTML, like Gecko) SamsungBrowser/12.1 Chrome/79.0.3945.136 Mobile Safari/537.36	2021-11-11 08:35:03	ر- خیاط زاده- تهران- عبادالنا	Iran	Tehran	35.7477	51.4021	Safari/537.36	2021-11-11
200	85.239.209.74	Mozilla/5.0 (Linux; Android 10; SM-A515F) AppleWebKit/537.36 (KHTML, like Gecko) Chrome/80.0.3987.99 Mobile Safari/537.36	2021-11-11 08:35:15		Iran	Tehran	35.7555	51.5314	Safari/537.36	2021-11-11
201	89.199.153.145	Mozilla/5.0 (iPhone; CPU iPhone OS 14_4_2 like Mac OS X) AppleWebKit/605.1.15 (KHTML, like Gecko) Version/14.0.3 Mobile/15E148 Safari/604.1	2021-11-11 08:35:25		Iran	Tehran	35.6944	51.4215	Safari/604.1	2021-11-11
202	188.215.140.202	Mozilla/5.0 (Linux; Android 8.0.0; LG-H860) AppleWebKit/537.36 (KHTML, like Gecko) Chrome/93.0.4577.82 Mobile Safari/537.36	2021-11-11 08:35:27	n.rayegan	Iran	Yazd	31.8974	54.3765	Safari/537.36	2021-11-11
203	5.213.244.6	Mozilla/5.0 (Linux; Android 6.0.1; SM-G532G) AppleWebKit/537.36 (KHTML, like Gecko) Chrome/85.0.4183.127 Mobile Safari/537.36	2021-11-11 08:35:43		Iran	Tehran	35.727	51.3336	Safari/537.36	2021-11-11
204	85.185.60.174	Mozilla/5.0 (Linux; Android 11; SM-A515F) AppleWebKit/537.36 (KHTML, like Gecko) Chrome/95.0.4638.74 Mobile Safari/537.36	2021-11-11 08:37:48	زینب فلاح_تهران(کنیزان مادر مهربان س)	Iran	Varāmīn	35.3242	51.6457	Safari/537.36	2021-11-11
205	85.185.60.174	Mozilla/5.0 (Linux; Android 11; SM-A515F) AppleWebKit/537.36 (KHTML, like Gecko) Chrome/95.0.4638.74 Mobile Safari/537.36	2021-11-11 08:37:49	زینب فلاح_تهران(کنیزان مادر مهربان س)	Iran	Varāmīn	35.3242	51.6457	Safari/537.36	2021-11-11
206	5.214.101.247	Mozilla/5.0 (Linux; Android 5.1; HUAWEI LUA-L21) AppleWebKit/537.36 (KHTML, like Gecko) Chrome/86.0.4240.110 Mobile Safari/537.36	2021-11-11 08:38:24	m.olfat	Iran	Tehran	35.727	51.3336	Safari/537.36	2021-11-11
207	5.116.99.235	Mozilla/5.0 (Android 11; Mobile; rv:94.0) Gecko/94.0 Firefox/94.0	2021-11-11 08:38:39	قربانی-حسینیه عشاق الحسین-تهران	Iran	Tehran	35.7662	51.4757	Firefox/94.0	2021-11-11
208	91.251.111.214	Mozilla/5.0 (Linux; Android 7.0; SAMSUNG SM-J710F) AppleWebKit/537.36 (KHTML, like Gecko) SamsungBrowser/12.1 Chrome/79.0.3945.136 Mobile Safari/537.36	2021-11-11 08:44:44	ر- خیاط زاده- تهران- عبادالنا	Iran	Tehran	35.7477	51.4021	Safari/537.36	2021-11-11
209	86.55.139.232	Mozilla/5.0 (Linux; Android 10; SM-J810F) AppleWebKit/537.36 (KHTML, like Gecko) Chrome/94.0.4606.85 Mobile Safari/537.36	2021-11-11 08:46:14	م.بابازاده.تهران.درمحضرقرآن	Iran	Tehran	35.727	51.3811	Safari/537.36	2021-11-11
210	5.213.244.6	Mozilla/5.0 (Linux; Android 6.0.1; SM-G532G) AppleWebKit/537.36 (KHTML, like Gecko) Chrome/85.0.4183.127 Mobile Safari/537.36	2021-11-11 08:49:54		Iran	Tehran	35.727	51.3336	Safari/537.36	2021-11-11
211	31.57.40.144	Mozilla/5.0 (Android 11; Mobile; rv:94.0) Gecko/94.0 Firefox/94.0	2021-11-11 08:51:24	l.mahmoodian	Iran	Tajrīsh	35.8044	51.4256	Firefox/94.0	2021-11-11
212	31.57.40.144	Mozilla/5.0 (Android 11; Mobile; rv:94.0) Gecko/94.0 Firefox/94.0	2021-11-11 08:51:26	l.mahmoodian	Iran	Tajrīsh	35.8044	51.4256	Firefox/94.0	2021-11-11
213	31.57.40.144	Mozilla/5.0 (Android 11; Mobile; rv:94.0) Gecko/94.0 Firefox/94.0	2021-11-11 08:51:28	l.mahmoodian	Iran	Tajrīsh	35.8044	51.4256	Firefox/94.0	2021-11-11
214	31.57.40.144	Mozilla/5.0 (Android 11; Mobile; rv:94.0) Gecko/94.0 Firefox/94.0	2021-11-11 08:51:30	l.mahmoodian	Iran	Tajrīsh	35.8044	51.4256	Firefox/94.0	2021-11-11
215	31.56.118.5	Mozilla/5.0 (Linux; Android 10; SAMSUNG SM-A505F) AppleWebKit/537.36 (KHTML, like Gecko) SamsungBrowser/13.2 Chrome/83.0.4103.106 Mobile Safari/537.36	2021-11-11 08:52:02		Iran	Shahr-e Qods	35.7214	51.109	Safari/537.36	2021-11-11
216	2.191.145.255	Mozilla/5.0 (Linux; Android 9; SM-A730F) AppleWebKit/537.36 (KHTML, like Gecko) Chrome/94.0.4606.85 Mobile Safari/537.36	2021-11-11 08:52:35	زس.شهشهانی(تهران.جلوه)	Iran	Tehran	35.6944	51.4215	Safari/537.36	2021-11-11
217	2.191.145.255	Mozilla/5.0 (Linux; Android 9; SM-A730F) AppleWebKit/537.36 (KHTML, like Gecko) Chrome/94.0.4606.85 Mobile Safari/537.36	2021-11-11 08:52:36	زس.شهشهانی(تهران.جلوه)	Iran	Tehran	35.6944	51.4215	Safari/537.36	2021-11-11
218	5.117.46.190	Mozilla/5.0 (Linux; Android 11; SM-A405FN) AppleWebKit/537.36 (KHTML, like Gecko) Chrome/91.0.4472.101 Mobile Safari/537.36	2021-11-11 08:53:46	طاهرخانی _ قزوین _کاروان نور	Iran	Ābyek	36.0399	50.531	Safari/537.36	2021-11-11
219	5.208.224.136	Mozilla/5.0 (Linux; Android 8.1.0; SM-G610F) AppleWebKit/537.36 (KHTML, like Gecko) Chrome/94.0.4606.85 Mobile Safari/537.36	2021-11-11 08:57:07	r.rabieipor(لاهیجان)	Iran	Tehran	35.727	51.3336	Safari/537.36	2021-11-11
220	5.208.224.136	Mozilla/5.0 (Linux; Android 8.1.0; SM-G610F) AppleWebKit/537.36 (KHTML, like Gecko) Chrome/94.0.4606.85 Mobile Safari/537.36	2021-11-11 08:57:09	r.rabieipor(لاهیجان)	Iran	Tehran	35.727	51.3336	Safari/537.36	2021-11-11
221	89.196.127.106	Mozilla/5.0 (Linux; Android 11; SAMSUNG SM-A207F) AppleWebKit/537.36 (KHTML, like Gecko) SamsungBrowser/15.0 Chrome/90.0.4430.210 Mobile Safari/537.36	2021-11-11 09:21:17		Iran	Tehran	35.7477	51.4021	Safari/537.36	2021-11-11
222	37.129.130.214	Mozilla/5.0 (Linux; U; Android 9; fa-ir; Redmi Note 8 Build/PKQ1.190616.001) AppleWebKit/537.36 (KHTML, like Gecko) Version/4.0 Chrome/89.0.4389.116 Mobile Safari/537.36 XiaoMi/MiuiBrowser/12.15.2-gn	2021-11-11 09:33:22	ز اکبرزاده- یزد	Iran	Tehran	35.727	51.3811	XiaoMi/MiuiBrowser/12.15.2-gn	2021-11-11
223	5.250.109.52	Mozilla/5.0 (Linux; Android 8.0.0; SM-A605F) AppleWebKit/537.36 (KHTML, like Gecko) Chrome/85.0.4183.127 Mobile Safari/537.36	2021-11-11 10:17:02	ز.علیمرادخان	Iran	Tehran	35.727	51.3336	Safari/537.36	2021-11-11
224	5.53.41.20	Mozilla/5.0 (Linux; U; Android 10; fa-ir; Redmi Note 8 Pro Build/QP1A.190711.020) AppleWebKit/537.36 (KHTML, like Gecko) Version/4.0 Chrome/89.0.4389.116 Mobile Safari/537.36 XiaoMi/MiuiBrowser/12.15.2-gn	2021-11-11 11:08:58	b.sadeghi	Iran	Isfahan	32.6525	51.6746	XiaoMi/MiuiBrowser/12.15.2-gn	2021-11-11
225	5.53.41.20	Mozilla/5.0 (Linux; U; Android 10; fa-ir; Redmi Note 8 Pro Build/QP1A.190711.020) AppleWebKit/537.36 (KHTML, like Gecko) Version/4.0 Chrome/89.0.4389.116 Mobile Safari/537.36 XiaoMi/MiuiBrowser/12.15.2-gn	2021-11-11 11:09:30	b.sadeghi	Iran	Isfahan	32.6525	51.6746	XiaoMi/MiuiBrowser/12.15.2-gn	2021-11-11
226	188.229.69.242	Mozilla/5.0 (Linux; Android 9; TA-1053) AppleWebKit/537.36 (KHTML, like Gecko) Chrome/85.0.4183.81 Mobile Safari/537.36	2021-11-11 11:26:06	مهدی زاده-بافق	Iran	Tehran	35.727	51.3336	Safari/537.36	2021-11-11
227	164.138.181.56	Mozilla/5.0 (Linux; Android 11; SM-A505F) AppleWebKit/537.36 (KHTML, like Gecko) Chrome/87.0.4280.141 Mobile Safari/537.36	2021-11-11 11:43:33	مهدی زاده-بافق	Iran	Tehran	35.727	51.3811	Safari/537.36	2021-11-11
228	69.194.77.154	Mozilla/5.0 (Linux; U; Android 10; fa-ir; Redmi Note 8 Pro Build/QP1A.190711.020) AppleWebKit/537.36 (KHTML, like Gecko) Version/4.0 Chrome/89.0.4389.116 Mobile Safari/537.36 XiaoMi/MiuiBrowser/12.15.2-gn	2021-11-11 17:29:31	b.sadeghi	Iran	Arak	34.0949	49.6981	XiaoMi/MiuiBrowser/12.15.2-gn	2021-11-11
229	86.57.99.59	Mozilla/5.0 (Linux; Android 9; SAMSUNG SM-J530F) AppleWebKit/537.36 (KHTML, like Gecko) SamsungBrowser/15.0 Chrome/90.0.4430.210 Mobile Safari/537.36	2021-11-11 19:28:05	m.fotoohi	Iran	Sarpol-e Z̄ahāb	34.4611	45.8626	Safari/537.36	2021-11-11
230	86.57.99.59	Mozilla/5.0 (Linux; Android 9; SAMSUNG SM-J530F) AppleWebKit/537.36 (KHTML, like Gecko) SamsungBrowser/15.0 Chrome/90.0.4430.210 Mobile Safari/537.36	2021-11-11 19:46:34	m.fotoohi	Iran	Sarpol-e Z̄ahāb	34.4611	45.8626	Safari/537.36	2021-11-11
231	86.57.99.59	Mozilla/5.0 (Linux; Android 9; SAMSUNG SM-J530F) AppleWebKit/537.36 (KHTML, like Gecko) SamsungBrowser/15.0 Chrome/90.0.4430.210 Mobile Safari/537.36	2021-11-11 19:46:35	m.fotoohi	Iran	Sarpol-e Z̄ahāb	34.4611	45.8626	Safari/537.36	2021-11-11
232	86.57.99.59	Mozilla/5.0 (Linux; Android 9; SAMSUNG SM-J530F) AppleWebKit/537.36 (KHTML, like Gecko) SamsungBrowser/15.0 Chrome/90.0.4430.210 Mobile Safari/537.36	2021-11-11 19:46:36	m.fotoohi	Iran	Sarpol-e Z̄ahāb	34.4611	45.8626	Safari/537.36	2021-11-11
233	188.229.87.253	Mozilla/5.0 (Android 8.0.0; Mobile; rv:89.0) Gecko/89.0 Firefox/89.0	2021-11-11 19:46:55	س.صبوری- تهران- نورالهدی	Iran	Tehran	35.727	51.3336	Firefox/89.0	2021-11-11
234	86.57.99.59	Mozilla/5.0 (Linux; Android 9; SAMSUNG SM-J530F) AppleWebKit/537.36 (KHTML, like Gecko) SamsungBrowser/15.0 Chrome/90.0.4430.210 Mobile Safari/537.36	2021-11-11 19:47:03	m.fotoohi	Iran	Sarpol-e Z̄ahāb	34.4611	45.8626	Safari/537.36	2021-11-11
235	213.156.139.188	Mozilla/5.0 (Linux; Android 11; SM-A325F) AppleWebKit/537.36 (KHTML, like Gecko) Chrome/87.0.4280.101 Mobile Safari/537.36	2021-11-11 19:57:34		United States	Santa Clara	37.3931	-121.962	Safari/537.36	2021-11-11
236	213.156.139.188	Mozilla/5.0 (Linux; Android 11; SM-A325F) AppleWebKit/537.36 (KHTML, like Gecko) Chrome/87.0.4280.101 Mobile Safari/537.36	2021-11-11 19:59:03		United States	Santa Clara	37.3931	-121.962	Safari/537.36	2021-11-11
237	5.213.1.7	Mozilla/5.0 (Linux; Android 6.0; ALE-L21 Build/HuaweiALE-L21; wv) AppleWebKit/537.36 (KHTML, like Gecko) Version/4.0 Chrome/55.0.2883.91 Mobile Safari/537.36	2021-11-11 19:59:12	زهراطالب نیّری(بحرانی)مدرسه یزد	Iran	Tehran	35.727	51.3336	Safari/537.36	2021-11-11
238	93.119.77.212	Mozilla/5.0 (Linux; Android 11; SAMSUNG SM-A217F) AppleWebKit/537.36 (KHTML, like Gecko) SamsungBrowser/13.2 Chrome/83.0.4103.106 Mobile Safari/537.36	2021-11-11 20:00:11	اشرف سمیعی _تهران	Iran	Tehran	35.727	51.3336	Safari/537.36	2021-11-11
239	85.239.220.199	Mozilla/5.0 (Linux; Android 9; SM-A207F) AppleWebKit/537.36 (KHTML, like Gecko) Chrome/87.0.4280.101 Mobile Safari/537.36	2021-11-11 20:01:15		Iran	Tehran	35.7555	51.5314	Safari/537.36	2021-11-11
240	5.52.45.76	Mozilla/5.0 (Linux; Android 9; SAMSUNG SM-G955F) AppleWebKit/537.36 (KHTML, like Gecko) SamsungBrowser/15.0 Chrome/90.0.4430.210 Mobile Safari/537.36	2021-11-11 20:01:58		Iran	Tehran	35.7555	51.5314	Safari/537.36	2021-11-11
241	5.52.45.76	Mozilla/5.0 (Linux; Android 9; SAMSUNG SM-G955F) AppleWebKit/537.36 (KHTML, like Gecko) SamsungBrowser/15.0 Chrome/90.0.4430.210 Mobile Safari/537.36	2021-11-11 20:02:45		Iran	Tehran	35.7555	51.5314	Safari/537.36	2021-11-11
242	31.14.146.15	Mozilla/5.0 (Linux; Android 11; M2004J19C) AppleWebKit/537.36 (KHTML, like Gecko) Chrome/95.0.4638.74 Mobile Safari/537.36	2021-11-11 20:10:21	مریم مسکینی ،مشهد	Iran	Mashhad	36.3006	59.5904	Safari/537.36	2021-11-11
243	31.14.146.15	Mozilla/5.0 (Linux; Android 11; M2004J19C) AppleWebKit/537.36 (KHTML, like Gecko) Chrome/95.0.4638.74 Mobile Safari/537.36	2021-11-11 20:11:27	مریم مسکینی ،مشهد	Iran	Mashhad	36.3006	59.5904	Safari/537.36	2021-11-11
244	5.114.193.165	Mozilla/5.0 (Linux; Android 11; SAMSUNG SM-A022F Build/RP1A.200720.012; wv) AppleWebKit/537.36 (KHTML, like Gecko) Version/4.0 SamsungBrowser/7.4 Chrome/95.0.4638.74 Mobile Safari/537.36	2021-11-11 20:11:42	s.zahmati	Iran	Tehran	35.7662	51.4757	Safari/537.36	2021-11-11
245	2.180.155.77	Mozilla/5.0 (Linux; Android 11; Redmi Note 9S) AppleWebKit/537.36 (KHTML, like Gecko) Chrome/95.0.4638.74 Mobile Safari/537.36	2021-11-11 20:16:23	مظاهری- مشهد	Iran	Mashhad	36.2981	59.6057	Safari/537.36	2021-11-11
246	91.99.191.239	Mozilla/5.0 (Windows NT 10.0; Win64; x64) AppleWebKit/537.36 (KHTML, like Gecko) Chrome/94.0.4606.81 Safari/537.36	2021-11-11 20:21:28	هاشمی - تهران - به‌سوی نور	Iran	Khorramshahr	30.4256	48.1891	Safari/537.36	2021-11-11
247	37.254.84.1	Mozilla/5.0 (Linux; Android 11; SM-A107F) AppleWebKit/537.36 (KHTML, like Gecko) Chrome/95.0.4638.74 Mobile Safari/537.36	2021-11-11 20:24:04	الماسی ب-اصفهان-مادر(س)مهربونه	Iran	Isfahan	32.6575	51.6775	Safari/537.36	2021-11-11
248	37.254.84.1	Mozilla/5.0 (Linux; Android 11; SM-A107F) AppleWebKit/537.36 (KHTML, like Gecko) Chrome/95.0.4638.74 Mobile Safari/537.36	2021-11-11 20:24:33	الماسی ب-اصفهان-مادر(س)مهربونه	Iran	Isfahan	32.6575	51.6775	Safari/537.36	2021-11-11
249	91.99.191.239	Mozilla/5.0 (Windows NT 10.0; Win64; x64) AppleWebKit/537.36 (KHTML, like Gecko) Chrome/94.0.4606.81 Safari/537.36	2021-11-11 20:27:01	شاهی س - اصفهان - مادر(س) مهربونه	Iran	Khorramshahr	30.4256	48.1891	Safari/537.36	2021-11-11
250	5.52.184.154	Mozilla/5.0 (Linux; Android 11; SAMSUNG SM-A528B) AppleWebKit/537.36 (KHTML, like Gecko) SamsungBrowser/15.0 Chrome/90.0.4430.210 Mobile Safari/537.36	2021-11-11 20:30:54		Iran	Tehran	35.6892	51.389	Safari/537.36	2021-11-11
251	5.52.184.154	Mozilla/5.0 (Linux; Android 11; SAMSUNG SM-A528B) AppleWebKit/537.36 (KHTML, like Gecko) SamsungBrowser/15.0 Chrome/90.0.4430.210 Mobile Safari/537.36	2021-11-11 20:32:11		Iran	Tehran	35.6892	51.389	Safari/537.36	2021-11-11
252	85.239.218.183	Mozilla/5.0 (Linux; Android 10; SM-T295) AppleWebKit/537.36 (KHTML, like Gecko) Chrome/95.0.4638.74 Safari/537.36	2021-11-11 20:33:18		Iran	Tehran	35.7555	51.5314	Safari/537.36	2021-11-11
253	86.57.83.141	Mozilla/5.0 (Linux; Android 8.0.0; SAMSUNG SM-A520F) AppleWebKit/537.36 (KHTML, like Gecko) SamsungBrowser/15.0 Chrome/90.0.4430.210 Mobile Safari/537.36	2021-11-11 21:11:34	m.babaei	Iran	Tehran	35.6892	51.389	Safari/537.36	2021-11-11
254	86.57.82.146	Mozilla/5.0 (Linux; Android 6.0.1; Lenovo TB-8703X) AppleWebKit/537.36 (KHTML, like Gecko) Chrome/95.0.4638.74 Safari/537.36	2021-11-11 21:22:42	حسینی- مبارکه	Iran	Tehran	35.6892	51.389	Safari/537.36	2021-11-11
255	5.216.109.1	Mozilla/5.0 (Linux; Android 6.0.1; SM-G532F) AppleWebKit/537.36 (KHTML, like Gecko) Chrome/92.0.4515.115 Mobile Safari/537.36	2021-11-11 21:26:46	محمدی بافق	Iran	Tehran	35.727	51.3811	Safari/537.36	2021-11-11
256	69.194.86.137	Mozilla/5.0 (Linux; Android 11; SM-A107F) AppleWebKit/537.36 (KHTML, like Gecko) Chrome/95.0.4638.74 Mobile Safari/537.36	2021-11-11 21:44:10	الماسی ب-اصفهان-مادر(س)مهربونه	Iran	Tehran	35.7574	51.4094	Safari/537.36	2021-11-11
257	69.194.86.137	Mozilla/5.0 (Linux; Android 11; SM-A107F) AppleWebKit/537.36 (KHTML, like Gecko) Chrome/95.0.4638.74 Mobile Safari/537.36	2021-11-11 21:44:12	الماسی ب-اصفهان-مادر(س)مهربونه	Iran	Tehran	35.7574	51.4094	Safari/537.36	2021-11-11
258	31.59.175.223	Mozilla/5.0 (Linux; Android 9; BND-L21) AppleWebKit/537.36 (KHTML, like Gecko) Chrome/95.0.4638.74 Mobile Safari/537.36	2021-11-11 21:58:10		Iran	Dorcheh Pīāz	32.6153	51.5556	Safari/537.36	2021-11-11
259	37.254.84.1	Mozilla/5.0 (Linux; Android 11; SM-A107F) AppleWebKit/537.36 (KHTML, like Gecko) Chrome/95.0.4638.74 Mobile Safari/537.36	2021-11-11 22:12:32	الماسی ب-اصفهان-مادر(س)مهربونه	Iran	Isfahan	32.6575	51.6775	Safari/537.36	2021-11-11
260	37.254.84.1	Mozilla/5.0 (Linux; Android 11; SM-A107F) AppleWebKit/537.36 (KHTML, like Gecko) Chrome/95.0.4638.74 Mobile Safari/537.36	2021-11-11 22:17:34	الماسی ب-اصفهان-مادر(س)مهربونه	Iran	Isfahan	32.6575	51.6775	Safari/537.36	2021-11-11
261	5.114.13.46	Mozilla/5.0 (Linux; Android 7.0; SM-J730F) AppleWebKit/537.36 (KHTML, like Gecko) Chrome/88.0.4324.181 Mobile Safari/537.36	2021-11-11 22:44:51	p.hashemi	Iran	Tehran	35.7662	51.4757	Safari/537.36	2021-11-11
262	93.110.99.114	Mozilla/5.0 (Linux; Android 10; SM-A515F) AppleWebKit/537.36 (KHTML, like Gecko) Chrome/81.0.4044.138 Mobile Safari/537.36	2021-11-11 23:15:38		Iran	Māmūnīyeh	35.3055	50.4992	Safari/537.36	2021-11-11
263	95.91.255.39	Mozilla/5.0 (Macintosh; Intel Mac OS X 10.15; rv:94.0) Gecko/20100101 Firefox/94.0	2021-11-11 23:22:11	احسان‌الدین عسگری - تهران	Germany	Munich	48.1663	11.5683	Firefox/94.0	2021-11-11
264	95.91.255.39	Mozilla/5.0 (Macintosh; Intel Mac OS X 10.15; rv:94.0) Gecko/20100101 Firefox/94.0	2021-11-11 23:23:10	احسان‌الدین عسگری - تهران	Germany	Munich	48.1663	11.5683	Firefox/94.0	2021-11-11
265	95.91.255.39	Mozilla/5.0 (Macintosh; Intel Mac OS X 10.15; rv:94.0) Gecko/20100101 Firefox/94.0	2021-11-11 23:24:52	احسان‌الدین عسگری - تهران	Germany	Munich	48.1663	11.5683	Firefox/94.0	2021-11-11
266	95.91.255.39	Mozilla/5.0 (Macintosh; Intel Mac OS X 10.15; rv:94.0) Gecko/20100101 Firefox/94.0	2021-11-11 23:24:53	احسان‌الدین عسگری - تهران	Germany	Munich	48.1663	11.5683	Firefox/94.0	2021-11-11
267	95.91.255.39	Mozilla/5.0 (Macintosh; Intel Mac OS X 10.15; rv:94.0) Gecko/20100101 Firefox/94.0	2021-11-11 23:24:53	احسان‌الدین عسگری - تهران	Germany	Munich	48.1663	11.5683	Firefox/94.0	2021-11-11
268	5.116.73.64	Mozilla/5.0 (Linux; Android 10; ART-L29; HMSCore 5.1.1.303; GMSCore 21.09.15) AppleWebKit/537.36 (KHTML, like Gecko) Chrome/83.0.4103.106 HuaweiBrowser/11.0.5.306 Mobile Safari/537.36	2021-11-11 23:25:03		Iran	Tehran	35.7662	51.4757	Safari/537.36	2021-11-11
269	95.91.255.39	Mozilla/5.0 (Macintosh; Intel Mac OS X 10.15; rv:94.0) Gecko/20100101 Firefox/94.0	2021-11-11 23:26:28	احسان‌الدین عسگری - تهران	Germany	Munich	48.1663	11.5683	Firefox/94.0	2021-11-11
270	95.91.255.39	Mozilla/5.0 (Macintosh; Intel Mac OS X 10.15; rv:94.0) Gecko/20100101 Firefox/94.0	2021-11-11 23:26:38	احسان‌الدین عسگری - تهران	Germany	Munich	48.1663	11.5683	Firefox/94.0	2021-11-11
271	95.91.255.39	Mozilla/5.0 (Macintosh; Intel Mac OS X 10.15; rv:94.0) Gecko/20100101 Firefox/94.0	2021-11-11 23:27:22	احسان‌الدین عسگری - تهران	Germany	Munich	48.1663	11.5683	Firefox/94.0	2021-11-11
272	95.91.255.39	Mozilla/5.0 (Macintosh; Intel Mac OS X 10.15; rv:94.0) Gecko/20100101 Firefox/94.0	2021-11-11 23:32:32	احسان‌الدین عسگری - تهران	Germany	Munich	48.1663	11.5683	Firefox/94.0	2021-11-11
273	95.91.255.39	Mozilla/5.0 (Macintosh; Intel Mac OS X 10.15; rv:94.0) Gecko/20100101 Firefox/94.0	2021-11-11 23:58:33	احسان‌الدین عسگری - تهران	Germany	Munich	48.1663	11.5683	Firefox/94.0	2021-11-11
274	95.91.255.39	Mozilla/5.0 (Macintosh; Intel Mac OS X 10.15; rv:94.0) Gecko/20100101 Firefox/94.0	2021-11-11 23:58:38	احسان‌الدین عسگری - تهران	Germany	Munich	48.1663	11.5683	Firefox/94.0	2021-11-11
275	95.91.255.39	Mozilla/5.0 (Macintosh; Intel Mac OS X 10.15; rv:94.0) Gecko/20100101 Firefox/94.0	2021-11-11 23:58:39	احسان‌الدین عسگری - تهران	Germany	Munich	48.1663	11.5683	Firefox/94.0	2021-11-11
276	95.91.255.39	Mozilla/5.0 (Macintosh; Intel Mac OS X 10.15; rv:94.0) Gecko/20100101 Firefox/94.0	2021-11-11 23:58:41	احسان‌الدین عسگری - تهران	Germany	Munich	48.1663	11.5683	Firefox/94.0	2021-11-11
277	95.91.255.39	Mozilla/5.0 (Macintosh; Intel Mac OS X 10.15; rv:94.0) Gecko/20100101 Firefox/94.0	2021-11-11 23:59:02	احسان‌الدین عسگری - تهران	Germany	Munich	48.1663	11.5683	Firefox/94.0	2021-11-11
278	95.91.255.39	Mozilla/5.0 (Macintosh; Intel Mac OS X 10.15; rv:94.0) Gecko/20100101 Firefox/94.0	2021-11-12 00:02:38	احسان‌الدین عسگری - تهران	Germany	Munich	48.1663	11.5683	Firefox/94.0	2021-11-12
279	95.91.255.39	Mozilla/5.0 (Macintosh; Intel Mac OS X 10.15; rv:94.0) Gecko/20100101 Firefox/94.0	2021-11-12 00:02:53	احسان‌الدین عسگری - تهران	Germany	Munich	48.1663	11.5683	Firefox/94.0	2021-11-12
280	95.91.255.39	Mozilla/5.0 (Macintosh; Intel Mac OS X 10.15; rv:94.0) Gecko/20100101 Firefox/94.0	2021-11-12 00:07:46	احسان‌الدین عسگری - تهران	Germany	Munich	48.1663	11.5683	Firefox/94.0	2021-11-12
281	95.91.255.39	Mozilla/5.0 (Macintosh; Intel Mac OS X 10.15; rv:94.0) Gecko/20100101 Firefox/94.0	2021-11-12 00:07:49	احسان‌الدین عسگری - تهران	Germany	Munich	48.1663	11.5683	Firefox/94.0	2021-11-12
282	95.91.255.39	Mozilla/5.0 (Macintosh; Intel Mac OS X 10.15; rv:94.0) Gecko/20100101 Firefox/94.0	2021-11-12 00:09:27	احسان‌الدین عسگری - تهران	Germany	Munich	48.1663	11.5683	Firefox/94.0	2021-11-12
283	95.91.255.39	Mozilla/5.0 (Macintosh; Intel Mac OS X 10.15; rv:94.0) Gecko/20100101 Firefox/94.0	2021-11-12 00:09:30	احسان‌الدین عسگری - تهران	Germany	Munich	48.1663	11.5683	Firefox/94.0	2021-11-12
284	95.91.255.39	Mozilla/5.0 (Macintosh; Intel Mac OS X 10.15; rv:94.0) Gecko/20100101 Firefox/94.0	2021-11-12 00:17:23	احسان‌الدین عسگری - تهران	Germany	Munich	48.1663	11.5683	Firefox/94.0	2021-11-12
285	95.91.255.39	Mozilla/5.0 (Macintosh; Intel Mac OS X 10.15; rv:94.0) Gecko/20100101 Firefox/94.0	2021-11-12 00:17:24	احسان‌الدین عسگری - تهران	Germany	Munich	48.1663	11.5683	Firefox/94.0	2021-11-12
286	95.91.255.39	Mozilla/5.0 (Macintosh; Intel Mac OS X 10.15; rv:94.0) Gecko/20100101 Firefox/94.0	2021-11-12 00:19:35	احسان‌الدین عسگری - تهران	Germany	Munich	48.1663	11.5683	Firefox/94.0	2021-11-12
287	95.91.255.39	Mozilla/5.0 (Macintosh; Intel Mac OS X 10.15; rv:94.0) Gecko/20100101 Firefox/94.0	2021-11-12 00:22:48	احسان‌الدین عسگری - تهران	Germany	Munich	48.1663	11.5683	Firefox/94.0	2021-11-12
288	95.91.255.39	Mozilla/5.0 (Macintosh; Intel Mac OS X 10.15; rv:94.0) Gecko/20100101 Firefox/94.0	2021-11-12 00:25:24	احسان‌الدین عسگری - تهران	Germany	Munich	48.1663	11.5683	Firefox/94.0	2021-11-12
289	95.91.255.39	Mozilla/5.0 (Macintosh; Intel Mac OS X 10.15; rv:94.0) Gecko/20100101 Firefox/94.0	2021-11-12 00:25:29	احسان‌الدین عسگری - تهران	Germany	Munich	48.1663	11.5683	Firefox/94.0	2021-11-12
290	95.91.255.39	Mozilla/5.0 (Macintosh; Intel Mac OS X 10.15; rv:94.0) Gecko/20100101 Firefox/94.0	2021-11-12 00:25:51	احسان‌الدین عسگری - تهران	Germany	Munich	48.1663	11.5683	Firefox/94.0	2021-11-12
291	95.91.255.39	Mozilla/5.0 (Macintosh; Intel Mac OS X 10.15; rv:94.0) Gecko/20100101 Firefox/94.0	2021-11-12 00:26:14	احسان‌الدین عسگری - تهران	Germany	Munich	48.1663	11.5683	Firefox/94.0	2021-11-12
292	95.91.255.39	Mozilla/5.0 (Macintosh; Intel Mac OS X 10.15; rv:94.0) Gecko/20100101 Firefox/94.0	2021-11-12 00:52:18	احسان‌الدین عسگری - تهران	Germany	Munich	48.1663	11.5683	Firefox/94.0	2021-11-12
293	95.91.255.39	Mozilla/5.0 (Macintosh; Intel Mac OS X 10.15; rv:94.0) Gecko/20100101 Firefox/94.0	2021-11-12 00:53:10	احسان‌الدین عسگری - تهران	Germany	Munich	48.1663	11.5683	Firefox/94.0	2021-11-12
294	95.91.255.39	Mozilla/5.0 (Macintosh; Intel Mac OS X 10.15; rv:94.0) Gecko/20100101 Firefox/94.0	2021-11-12 00:54:25	احسان‌الدین عسگری - تهران	Germany	Munich	48.1663	11.5683	Firefox/94.0	2021-11-12
295	95.91.255.39	Mozilla/5.0 (Macintosh; Intel Mac OS X 10.15; rv:94.0) Gecko/20100101 Firefox/94.0	2021-11-12 00:54:56	احسان‌الدین عسگری - تهران	Germany	Munich	48.1663	11.5683	Firefox/94.0	2021-11-12
296	95.91.255.39	Mozilla/5.0 (Macintosh; Intel Mac OS X 10.15; rv:94.0) Gecko/20100101 Firefox/94.0	2021-11-12 00:55:11	احسان‌الدین عسگری - تهران	Germany	Munich	48.1663	11.5683	Firefox/94.0	2021-11-12
297	95.91.255.39	Mozilla/5.0 (Macintosh; Intel Mac OS X 10.15; rv:94.0) Gecko/20100101 Firefox/94.0	2021-11-12 00:55:42	احسان‌الدین عسگری - تهران	Germany	Munich	48.1663	11.5683	Firefox/94.0	2021-11-12
298	95.91.255.39	Mozilla/5.0 (Macintosh; Intel Mac OS X 10.15; rv:94.0) Gecko/20100101 Firefox/94.0	2021-11-12 00:57:05	احسان‌الدین عسگری - تهران	Germany	Munich	48.1663	11.5683	Firefox/94.0	2021-11-12
299	95.91.255.39	Mozilla/5.0 (Macintosh; Intel Mac OS X 10.15; rv:94.0) Gecko/20100101 Firefox/94.0	2021-11-12 00:57:34	احسان‌الدین عسگری - تهران	Germany	Munich	48.1663	11.5683	Firefox/94.0	2021-11-12
300	95.91.255.39	Mozilla/5.0 (Macintosh; Intel Mac OS X 10.15; rv:94.0) Gecko/20100101 Firefox/94.0	2021-11-12 00:58:11	احسان‌الدین عسگری - تهران	Germany	Munich	48.1663	11.5683	Firefox/94.0	2021-11-12
301	95.91.255.39	Mozilla/5.0 (Macintosh; Intel Mac OS X 10.15; rv:94.0) Gecko/20100101 Firefox/94.0	2021-11-12 01:00:08	احسان‌الدین عسگری - تهران	Germany	Munich	48.1663	11.5683	Firefox/94.0	2021-11-12
302	95.91.255.39	Mozilla/5.0 (Macintosh; Intel Mac OS X 10.15; rv:94.0) Gecko/20100101 Firefox/94.0	2021-11-12 01:01:03	احسان‌الدین عسگری - تهران	Germany	Munich	48.1663	11.5683	Firefox/94.0	2021-11-12
303	95.91.255.39	Mozilla/5.0 (Macintosh; Intel Mac OS X 10.15; rv:94.0) Gecko/20100101 Firefox/94.0	2021-11-12 01:02:17	احسان‌الدین عسگری - تهران	Germany	Munich	48.1663	11.5683	Firefox/94.0	2021-11-12
304	95.91.255.39	Mozilla/5.0 (iPhone; CPU iPhone OS 14_6 like Mac OS X) AppleWebKit/605.1.15 (KHTML, like Gecko) Version/14.1.1 Mobile/15E148 Safari/604.1	2021-11-12 01:07:11		Germany	Munich	48.1663	11.5683	Safari/604.1	2021-11-12
305	5.214.120.124	Mozilla/5.0 (Linux; Android 10; SM-T295) AppleWebKit/537.36 (KHTML, like Gecko) Chrome/95.0.4638.74 Safari/537.36	2021-11-12 03:19:27		Iran	Tehran	35.727	51.3336	Safari/537.36	2021-11-12
306	5.214.120.124	Mozilla/5.0 (Linux; Android 10; SM-T295) AppleWebKit/537.36 (KHTML, like Gecko) Chrome/95.0.4638.74 Safari/537.36	2021-11-12 03:19:28		Iran	Tehran	35.727	51.3336	Safari/537.36	2021-11-12
307	5.214.120.124	Mozilla/5.0 (Linux; Android 10; SM-T295) AppleWebKit/537.36 (KHTML, like Gecko) Chrome/95.0.4638.74 Safari/537.36	2021-11-12 03:19:29		Iran	Tehran	35.727	51.3336	Safari/537.36	2021-11-12
308	89.36.16.41	Mozilla/5.0 (Linux; Android 10; Nokia 6.1 Plus) AppleWebKit/537.36 (KHTML, like Gecko) Chrome/95.0.4638.74 Mobile Safari/537.36	2021-11-12 04:08:56	محمودیان- تهران- جلوه	Iran	Robāţ Karīm	35.4846	51.0829	Safari/537.36	2021-11-12
309	5.214.16.234	Mozilla/5.0 (Linux; Android 11; SAMSUNG SM-A225F) AppleWebKit/537.36 (KHTML, like Gecko) SamsungBrowser/15.0 Chrome/90.0.4430.210 Mobile Safari/537.36	2021-11-12 04:30:35	خانم بیانی. مدرسه یزد	Iran	Tehran	35.727	51.3336	Safari/537.36	2021-11-12
310	5.214.16.234	Mozilla/5.0 (Linux; Android 11; SAMSUNG SM-A225F) AppleWebKit/537.36 (KHTML, like Gecko) SamsungBrowser/15.0 Chrome/90.0.4430.210 Mobile Safari/537.36	2021-11-12 04:31:33	خانم بیانی. مدرسه یزد	Iran	Tehran	35.727	51.3336	Safari/537.36	2021-11-12
311	5.214.16.234	Mozilla/5.0 (Linux; Android 11; SAMSUNG SM-A225F) AppleWebKit/537.36 (KHTML, like Gecko) SamsungBrowser/15.0 Chrome/90.0.4430.210 Mobile Safari/537.36	2021-11-12 04:32:34	خانم بیانی. مدرسه یزد	Iran	Tehran	35.727	51.3336	Safari/537.36	2021-11-12
312	2.147.62.145	Mozilla/5.0 (Linux; Android 6.0.1; SAMSUNG SM-G532F) AppleWebKit/537.36 (KHTML, like Gecko) SamsungBrowser/14.2 Chrome/87.0.4280.141 Mobile Safari/537.36	2021-11-12 06:51:05	((مریم کمالی _مدرسه نوشهر))	Iran	Tehran	35.7599	51.4739	Safari/537.36	2021-11-12
313	2.147.62.145	Mozilla/5.0 (Linux; Android 6.0.1; SAMSUNG SM-G532F) AppleWebKit/537.36 (KHTML, like Gecko) SamsungBrowser/14.2 Chrome/87.0.4280.141 Mobile Safari/537.36	2021-11-12 06:51:13	((مریم کمالی _مدرسه نوشهر))	Iran	Tehran	35.7599	51.4739	Safari/537.36	2021-11-12
314	2.147.62.145	Mozilla/5.0 (Linux; Android 6.0.1; SAMSUNG SM-G532F) AppleWebKit/537.36 (KHTML, like Gecko) SamsungBrowser/14.2 Chrome/87.0.4280.141 Mobile Safari/537.36	2021-11-12 06:51:23	((مریم کمالی _مدرسه نوشهر))	Iran	Tehran	35.7599	51.4739	Safari/537.36	2021-11-12
315	2.147.62.145	Mozilla/5.0 (Linux; Android 6.0.1; SAMSUNG SM-G532F) AppleWebKit/537.36 (KHTML, like Gecko) SamsungBrowser/14.2 Chrome/87.0.4280.141 Mobile Safari/537.36	2021-11-12 06:51:31	((مریم کمالی _مدرسه نوشهر))	Iran	Tehran	35.7599	51.4739	Safari/537.36	2021-11-12
316	2.147.62.145	Mozilla/5.0 (Linux; Android 6.0.1; SAMSUNG SM-G532F) AppleWebKit/537.36 (KHTML, like Gecko) SamsungBrowser/14.2 Chrome/87.0.4280.141 Mobile Safari/537.36	2021-11-12 06:51:38	((مریم کمالی _مدرسه نوشهر))	Iran	Tehran	35.7599	51.4739	Safari/537.36	2021-11-12
317	2.147.62.145	Mozilla/5.0 (Linux; Android 6.0.1; SAMSUNG SM-G532F) AppleWebKit/537.36 (KHTML, like Gecko) SamsungBrowser/14.2 Chrome/87.0.4280.141 Mobile Safari/537.36	2021-11-12 06:51:44	((مریم کمالی _مدرسه نوشهر))	Iran	Tehran	35.7599	51.4739	Safari/537.36	2021-11-12
318	2.147.62.145	Mozilla/5.0 (Linux; Android 6.0.1; SAMSUNG SM-G532F) AppleWebKit/537.36 (KHTML, like Gecko) SamsungBrowser/14.2 Chrome/87.0.4280.141 Mobile Safari/537.36	2021-11-12 06:51:50	((مریم کمالی _مدرسه نوشهر))	Iran	Tehran	35.7599	51.4739	Safari/537.36	2021-11-12
319	2.147.62.145	Mozilla/5.0 (Linux; Android 6.0.1; SAMSUNG SM-G532F) AppleWebKit/537.36 (KHTML, like Gecko) SamsungBrowser/14.2 Chrome/87.0.4280.141 Mobile Safari/537.36	2021-11-12 06:51:53	((مریم کمالی _مدرسه نوشهر))	Iran	Tehran	35.7599	51.4739	Safari/537.36	2021-11-12
320	37.129.220.190	Mozilla/5.0 (Linux; Android 6.0.1; KIW-L21) AppleWebKit/537.36 (KHTML, like Gecko) Chrome/90.0.4430.91 Mobile Safari/537.36	2021-11-12 07:43:03	شریفی -مشهد	Iran	Tehran	35.727	51.3811	Safari/537.36	2021-11-12
321	79.127.88.57	Mozilla/5.0 (Linux; Android 9; SM-G611FF) AppleWebKit/537.36 (KHTML, like Gecko) Chrome/95.0.4638.74 Mobile Safari/537.36	2021-11-12 07:52:12	حمیدرضا اسماعیلی - تهران	Iran	Tehran	35.6892	51.389	Safari/537.36	2021-11-12
322	85.9.123.141	Mozilla/5.0 (Linux; Android 5.0; SM-N900W8) AppleWebKit/537.36 (KHTML, like Gecko) Chrome/95.0.4638.74 Mobile Safari/537.36	2021-11-12 08:37:34		Iran	Yazd	31.8974	54.3569	Safari/537.36	2021-11-12
323	85.9.123.141	Mozilla/5.0 (Linux; Android 5.0; SM-N900W8) AppleWebKit/537.36 (KHTML, like Gecko) Chrome/95.0.4638.74 Mobile Safari/537.36	2021-11-12 08:38:40		Iran	Yazd	31.8974	54.3569	Safari/537.36	2021-11-12
324	5.74.86.14	Mozilla/5.0 (Linux; Android 8.1.0; SM-G610F) AppleWebKit/537.36 (KHTML, like Gecko) Chrome/93.0.4577.82 Mobile Safari/537.36	2021-11-12 09:15:40	s.shirvani(رضوان ۱.تهران)	Iran	Tehran	35.727	51.3336	Safari/537.36	2021-11-12
325	5.74.86.14	Mozilla/5.0 (Linux; Android 8.1.0; SM-G610F) AppleWebKit/537.36 (KHTML, like Gecko) Chrome/93.0.4577.82 Mobile Safari/537.36	2021-11-12 09:15:46	s.shirvani(رضوان ۱.تهران)	Iran	Tehran	35.727	51.3336	Safari/537.36	2021-11-12
326	5.74.86.14	Mozilla/5.0 (Linux; Android 8.1.0; SM-G610F) AppleWebKit/537.36 (KHTML, like Gecko) Chrome/93.0.4577.82 Mobile Safari/537.36	2021-11-12 09:15:55	s.shirvani(رضوان ۱.تهران)	Iran	Tehran	35.727	51.3336	Safari/537.36	2021-11-12
327	95.91.255.39	Mozilla/5.0 (Macintosh; Intel Mac OS X 10.15; rv:94.0) Gecko/20100101 Firefox/94.0	2021-11-12 09:29:37	احسان‌الدین عسگری - تهران	Germany	Munich	48.1663	11.5683	Firefox/94.0	2021-11-12
328	95.91.255.39	Mozilla/5.0 (Macintosh; Intel Mac OS X 10.15; rv:94.0) Gecko/20100101 Firefox/94.0	2021-11-12 09:30:21	احسان‌الدین عسگری - تهران	Germany	Munich	48.1663	11.5683	Firefox/94.0	2021-11-12
329	5.22.37.149	Mozilla/5.0 (Linux; Android 11; SM-A315G) AppleWebKit/537.36 (KHTML, like Gecko) Chrome/87.0.4280.141 Mobile Safari/537.36	2021-11-12 09:38:49	شاهی س - اصفهان - مادر(س) مهربونه	Iran	Tehran	35.7574	51.4094	Safari/537.36	2021-11-12
330	5.22.37.149	Mozilla/5.0 (Linux; Android 11; SM-A315G) AppleWebKit/537.36 (KHTML, like Gecko) Chrome/87.0.4280.141 Mobile Safari/537.36	2021-11-12 09:38:58	شاهی س - اصفهان - مادر(س) مهربونه	Iran	Tehran	35.7574	51.4094	Safari/537.36	2021-11-12
331	5.22.37.149	Mozilla/5.0 (Linux; Android 11; SM-A315G) AppleWebKit/537.36 (KHTML, like Gecko) Chrome/87.0.4280.141 Mobile Safari/537.36	2021-11-12 09:39:15	شاهی س - اصفهان - مادر(س) مهربونه	Iran	Tehran	35.7574	51.4094	Safari/537.36	2021-11-12
332	5.22.37.149	Mozilla/5.0 (Linux; Android 11; SM-A315G) AppleWebKit/537.36 (KHTML, like Gecko) Chrome/87.0.4280.141 Mobile Safari/537.36	2021-11-12 09:39:34	شاهی س - اصفهان - مادر(س) مهربونه	Iran	Tehran	35.7574	51.4094	Safari/537.36	2021-11-12
333	95.91.255.39	Mozilla/5.0 (Macintosh; Intel Mac OS X 10.15; rv:94.0) Gecko/20100101 Firefox/94.0	2021-11-12 09:44:09	احسان‌الدین عسگری - تهران	Germany	Munich	48.1663	11.5683	Firefox/94.0	2021-11-12
334	5.218.108.225	Mozilla/5.0 (Linux; U; Android 11; en-us; SM-A115F Build/JOP24G) AppleWebKit/537.36 (KHTML, like Gecko) Version/4.0 Chrome/69.0.3497.100 Mobile Safari/537.36	2021-11-12 10:10:38		Iran	Tehran	35.727	51.3811	Safari/537.36	2021-11-12
335	95.91.255.39	Mozilla/5.0 (Macintosh; Intel Mac OS X 10.15; rv:94.0) Gecko/20100101 Firefox/94.0	2021-11-12 10:29:29	احسان‌الدین عسگری - تهران	Germany	Munich	48.1663	11.5683	Firefox/94.0	2021-11-12
336	5.126.190.247	Mozilla/5.0 (Linux; Android 7.0; SM-G928C) AppleWebKit/537.36 (KHTML, like Gecko) Chrome/88.0.4324.141 Mobile Safari/537.36	2021-11-12 10:49:57	e.hayati	Iran	Tāybād	34.74	60.7756	Safari/537.36	2021-11-12
337	5.214.11.90	Mozilla/5.0 (Linux; Android 11; SAMSUNG SM-A225F) AppleWebKit/537.36 (KHTML, like Gecko) SamsungBrowser/15.0 Chrome/90.0.4430.210 Mobile Safari/537.36	2021-11-12 11:08:37	خانم بیانی. مدرسه یزد	Iran	Tehran	35.727	51.3336	Safari/537.36	2021-11-12
